Data Filename,compound,Sample ID,Sample Name,Ret. Time,Area,Relative Retention Time,Peak Start,Peak End,Height,Std. Conc.,Conc.,T.Plate#,Width(5%),Width(50%)
20190517_000.lcd,sialic_acid,BLANK,No injection,-----,-----,,-----,-----,-----,-----,-----,-----,-----,-----
20190517_001.lcd,sialic_acid,STD-0111,40 mM Mix,9.632,107456,0.629,9.05,10.908,4173,-----,32.56735,6137.738,0,0.282
20190517_002.lcd,sialic_acid,STD-0112,20 mM Mix,9.632,50885,0.628,9.125,10.817,2423,-----,15.42196,6558.917,0.924,0.272
20190517_003.lcd,sialic_acid,STD-0113,10 mM Mix,9.632,27351,0.627,9.158,10.625,1292,-----,8.2894,6101.164,0.889,0.284
20190517_004.lcd,sialic_acid,STD-0114,5 mM Mix,9.629,14589,0.627,9.217,10.392,712,-----,4.42171,5987.518,0.824,0.286
20190517_005.lcd,sialic_acid,STD-0115,2.5 mM Mix,9.625,7599,0.627,9.3,10.2,393,-----,2.30319,6344.004,0.744,0.279
20190517_006.lcd,sialic_acid,STD-0116,1 mM Mix,9.625,2342,0.626,9.358,9.942,149,-----,0.70973,7825.849,0.503,0.254
20190517_007.lcd,sialic_acid,STD-0117,0.5 mM Mix,9.625,1078,0.627,9.408,9.95,71,-----,0.32686,9192.84,0.475,0.244
20190517_008.lcd,sialic_acid,STD-0118,0.25 mM Mix,-----,-----,,-----,-----,-----,-----,-----,-----,-----,-----
20190517_009.lcd,sialic_acid,STD-0119,0.1 mM Mix,-----,-----,,-----,-----,-----,-----,-----,-----,-----,-----
20190517_010.lcd,sialic_acid,BLANK,Water,-----,-----,,-----,-----,-----,-----,-----,-----,-----,-----
20190517_011.lcd,sialic_acid,A1,A1,-----,-----,,-----,-----,-----,-----,-----,-----,-----,-----
20190517_012.lcd,sialic_acid,B1,B1,-----,-----,,-----,-----,-----,-----,-----,-----,-----,-----
20190517_013.lcd,sialic_acid,C1,C1,-----,-----,,-----,-----,-----,-----,-----,-----,-----,-----
20190517_014.lcd,sialic_acid,E1,E1,-----,-----,,-----,-----,-----,-----,-----,-----,-----,-----
20190517_015.lcd,sialic_acid,F1,F1,-----,-----,,-----,-----,-----,-----,-----,-----,-----,-----
20190517_016.lcd,sialic_acid,A2,A2,-----,-----,,-----,-----,-----,-----,-----,-----,-----,-----
20190517_017.lcd,sialic_acid,B2,B2,-----,-----,,-----,-----,-----,-----,-----,-----,-----,-----
20190517_018.lcd,sialic_acid,C2,C2,-----,-----,,-----,-----,-----,-----,-----,-----,-----,-----
20190517_019.lcd,sialic_acid,D2,D2,-----,-----,,-----,-----,-----,-----,-----,-----,-----,-----
20190517_020.lcd,sialic_acid,E2,E2,-----,-----,,-----,-----,-----,-----,-----,-----,-----,-----
20190517_021.lcd,sialic_acid,A3,A3,-----,-----,,-----,-----,-----,-----,-----,-----,-----,-----
20190517_022.lcd,sialic_acid,B3,B3,-----,-----,,-----,-----,-----,-----,-----,-----,-----,-----
20190517_023.lcd,sialic_acid,C3,C3,-----,-----,,-----,-----,-----,-----,-----,-----,-----,-----
20190517_024.lcd,sialic_acid,D3,D3,-----,-----,,-----,-----,-----,-----,-----,-----,-----,-----
20190517_025.lcd,sialic_acid,E3,E3,-----,-----,,-----,-----,-----,-----,-----,-----,-----,-----
20190517_026.lcd,sialic_acid,A4,A4,-----,-----,,-----,-----,-----,-----,-----,-----,-----,-----
20190517_027.lcd,sialic_acid,B4,B4,-----,-----,,-----,-----,-----,-----,-----,-----,-----,-----
20190517_028.lcd,sialic_acid,D4,D4,-----,-----,,-----,-----,-----,-----,-----,-----,-----,-----
20190517_029.lcd,sialic_acid,E4,E4,-----,-----,,-----,-----,-----,-----,-----,-----,-----,-----
20190517_030.lcd,sialic_acid,F4,F4,-----,-----,,-----,-----,-----,-----,-----,-----,-----,-----
20190517_031.lcd,sialic_acid,A5,A5,-----,-----,,-----,-----,-----,-----,-----,-----,-----,-----
20190517_032.lcd,sialic_acid,B5,B5,-----,-----,,-----,-----,-----,-----,-----,-----,-----,-----
20190517_033.lcd,sialic_acid,D5,D5,-----,-----,,-----,-----,-----,-----,-----,-----,-----,-----
20190517_034.lcd,sialic_acid,E5,E5,-----,-----,,-----,-----,-----,-----,-----,-----,-----,-----
20190517_035.lcd,sialic_acid,A6,A6,-----,-----,,-----,-----,-----,-----,-----,-----,-----,-----
20190517_036.lcd,sialic_acid,B6,B6,-----,-----,,-----,-----,-----,-----,-----,-----,-----,-----
20190517_037.lcd,sialic_acid,C6,C6,-----,-----,,-----,-----,-----,-----,-----,-----,-----,-----
20190517_038.lcd,sialic_acid,D6,D6,-----,-----,,-----,-----,-----,-----,-----,-----,-----,-----
20190517_039.lcd,sialic_acid,E6,E6,-----,-----,,-----,-----,-----,-----,-----,-----,-----,-----
20190517_040.lcd,sialic_acid,A7,A7,-----,-----,,-----,-----,-----,-----,-----,-----,-----,-----
20190517_041.lcd,sialic_acid,B7,B7,-----,-----,,-----,-----,-----,-----,-----,-----,-----,-----
20190517_042.lcd,sialic_acid,C7,C7,-----,-----,,-----,-----,-----,-----,-----,-----,-----,-----
20190517_043.lcd,sialic_acid,D7,D7,-----,-----,,-----,-----,-----,-----,-----,-----,-----,-----
20190517_044.lcd,sialic_acid,E7,E7,-----,-----,,-----,-----,-----,-----,-----,-----,-----,-----
20190517_045.lcd,sialic_acid,A8,A8,-----,-----,,-----,-----,-----,-----,-----,-----,-----,-----
20190517_046.lcd,sialic_acid,B8,B8,-----,-----,,-----,-----,-----,-----,-----,-----,-----,-----
20190517_047.lcd,sialic_acid,C8,C8,-----,-----,,-----,-----,-----,-----,-----,-----,-----,-----
20190517_048.lcd,sialic_acid,D8,D8,-----,-----,,-----,-----,-----,-----,-----,-----,-----,-----
20190517_049.lcd,sialic_acid,E8,E8,-----,-----,,-----,-----,-----,-----,-----,-----,-----,-----
20190517_050.lcd,sialic_acid,A9,A9,-----,-----,,-----,-----,-----,-----,-----,-----,-----,-----
20190517_051.lcd,sialic_acid,B9,B9,-----,-----,,-----,-----,-----,-----,-----,-----,-----,-----
20190517_052.lcd,sialic_acid,C9,C9,-----,-----,,-----,-----,-----,-----,-----,-----,-----,-----
20190517_053.lcd,sialic_acid,D9,D9,-----,-----,,-----,-----,-----,-----,-----,-----,-----,-----
20190517_054.lcd,sialic_acid,E9,E9,-----,-----,,-----,-----,-----,-----,-----,-----,-----,-----
20190517_055.lcd,sialic_acid,A10,A10,-----,-----,,-----,-----,-----,-----,-----,-----,-----,-----
20190517_056.lcd,sialic_acid,B10,B10,-----,-----,,-----,-----,-----,-----,-----,-----,-----,-----
20190517_057.lcd,sialic_acid,C10,C10,-----,-----,,-----,-----,-----,-----,-----,-----,-----,-----
20190517_058.lcd,sialic_acid,D10,D10,-----,-----,,-----,-----,-----,-----,-----,-----,-----,-----
20190517_059.lcd,sialic_acid,E10,E10,-----,-----,,-----,-----,-----,-----,-----,-----,-----,-----
20190517_060.lcd,sialic_acid,A11,A11,-----,-----,,-----,-----,-----,-----,-----,-----,-----,-----
20190517_061.lcd,sialic_acid,B11,B11,-----,-----,,-----,-----,-----,-----,-----,-----,-----,-----
20190517_062.lcd,sialic_acid,C11,C11,-----,-----,,-----,-----,-----,-----,-----,-----,-----,-----
20190517_063.lcd,sialic_acid,D11,D11,-----,-----,,-----,-----,-----,-----,-----,-----,-----,-----
20190517_064.lcd,sialic_acid,E11,E11,-----,-----,,-----,-----,-----,-----,-----,-----,-----,-----
20190517_065.lcd,sialic_acid,A12,A12,-----,-----,,-----,-----,-----,-----,-----,-----,-----,-----
20190517_066.lcd,sialic_acid,B12,B12,-----,-----,,-----,-----,-----,-----,-----,-----,-----,-----
20190517_067.lcd,sialic_acid,C12,C12,-----,-----,,-----,-----,-----,-----,-----,-----,-----,-----
20190517_068.lcd,sialic_acid,D12,D12,-----,-----,,-----,-----,-----,-----,-----,-----,-----,-----
20190517_069.lcd,sialic_acid,E12,E12,-----,-----,,-----,-----,-----,-----,-----,-----,-----,-----
20190517_070.lcd,sialic_acid,BLANK,Water,-----,-----,,-----,-----,-----,-----,-----,-----,-----,-----
20190517_071.lcd,sialic_acid,STD-0111,40 mM Mix,9.626,241892,0.629,9.083,10.975,5025,-----,73.31161,3122.092,0,0.434
20190517_072.lcd,sialic_acid,STD-0112,20 mM Mix,9.626,49661,0.628,9.042,10.75,2199,-----,15.05089,5981.169,1.019,0.285
20190517_073.lcd,sialic_acid,STD-0113,10 mM Mix,9.621,25767,0.627,9.175,10.45,1210,-----,7.80939,5858.421,0.879,0.289
20190517_074.lcd,sialic_acid,STD-0114,5 mM Mix,9.626,14178,0.627,9.275,10.425,673,-----,4.2971,5806.602,0.846,0.291
20190517_075.lcd,sialic_acid,STD-0115,2.5 mM Mix,9.621,7489,0.627,9.358,10.333,371,-----,2.26962,5873.924,0.77,0.287
20190517_076.lcd,sialic_acid,STD-0116,1 mM Mix,9.627,2464,0.627,9.358,10.008,143,-----,0.74665,6590.907,0.557,0.27
20190517_077.lcd,sialic_acid,STD-0117,0.5 mM Mix,9.634,1068,0.627,9.4,9.942,66,-----,0.32375,8280.069,0.494,0.256
20190517_078.lcd,sialic_acid,STD-0118,0.25 mM Mix,-----,-----,,-----,-----,-----,-----,-----,-----,-----,-----
20190517_079.lcd,sialic_acid,STD-0119,0.1 mM Mix,-----,-----,,-----,-----,-----,-----,-----,-----,-----,-----
20190517_000.lcd,fructose_manitol_sorbitol,BLANK,No injection,-----,-----,,-----,-----,-----,-----,-----,-----,-----,-----
20190517_001.lcd,fructose_manitol_sorbitol,STD-0111,40 mM Mix,12.035,2126816,0.786,10.908,12.35,94124,-----,44.34987,6901.644,0,0.336
20190517_002.lcd,fructose_manitol_sorbitol,STD-0112,20 mM Mix,12.053,976605,0.786,11.033,12.367,43845,-----,20.36486,6989.213,0,0.333
20190517_003.lcd,fructose_manitol_sorbitol,STD-0113,10 mM Mix,12.079,478458,0.786,11.108,12.383,21301,-----,9.97715,6654.842,0,0.344
20190517_004.lcd,fructose_manitol_sorbitol,STD-0114,5 mM Mix,12.075,255313,0.786,11.167,12.383,11309,-----,5.32398,6574.719,0,0.345
20190517_005.lcd,fructose_manitol_sorbitol,STD-0115,2.5 mM Mix,12.07,141194,0.786,11.217,12.383,6246,-----,2.94427,6573.793,0,0.345
20190517_006.lcd,fructose_manitol_sorbitol,STD-0116,1 mM Mix,12.072,53898,0.786,11.333,12.383,2457,-----,1.12392,6921.953,0,0.336
20190517_007.lcd,fructose_manitol_sorbitol,STD-0117,0.5 mM Mix,12.073,25641,0.786,11.508,12.375,1198,-----,0.53469,7010.094,0,0.335
20190517_008.lcd,fructose_manitol_sorbitol,STD-0118,0.25 mM Mix,12.075,12735,0.786,11.575,12.383,601,-----,0.26556,7028.538,0,0.33
20190517_009.lcd,fructose_manitol_sorbitol,STD-0119,0.1 mM Mix,12.08,4508,0.786,11.742,12.392,219,-----,0.09401,7525.96,0,0.326
20190517_010.lcd,fructose_manitol_sorbitol,BLANK,Water,-----,-----,,-----,-----,-----,-----,-----,-----,-----,-----
20190517_011.lcd,fructose_manitol_sorbitol,A1,A1,12.041,97892,0.79,11.6,12.492,4033,-----,2.04132,6072.538,0,0.357
20190517_012.lcd,fructose_manitol_sorbitol,B1,B1,12.048,106191,0.788,11.683,12.383,5618,-----,2.21437,8680.422,0.579,0.304
20190517_013.lcd,fructose_manitol_sorbitol,C1,C1,12.025,136405,0.792,11.617,12.458,6497,-----,2.84441,7175,0.685,0.331
20190517_014.lcd,fructose_manitol_sorbitol,E1,E1,12.018,143286,0.794,11.517,12.417,6656,-----,2.98789,6890.491,0.702,0.337
20190517_015.lcd,fructose_manitol_sorbitol,F1,F1,12.04,99806,0.785,11.4,12.408,3621,-----,2.08123,4736.621,0,0.402
20190517_016.lcd,fructose_manitol_sorbitol,A2,A2,12.051,167135,0.788,11.6,12.467,8215,-----,3.48522,7643.266,0.647,0.323
20190517_017.lcd,fructose_manitol_sorbitol,B2,B2,12.052,194348,0.785,11.4,12.533,8640,-----,4.05267,6553.213,0.754,0.347
20190517_018.lcd,fructose_manitol_sorbitol,C2,C2,12.028,169115,0.793,11.567,12.433,7894,-----,3.52651,6918.462,0.697,0.338
20190517_019.lcd,fructose_manitol_sorbitol,D2,D2,12.063,380699,0.787,11.383,12.692,15370,-----,7.9386,5772.219,0.912,0.367
20190517_020.lcd,fructose_manitol_sorbitol,E2,E2,12.016,115916,0.794,11.617,12.433,5487,-----,2.41717,7004.84,0.68,0.335
20190517_021.lcd,fructose_manitol_sorbitol,A3,A3,12.04,56460,0.786,11.7,12.35,3175,-----,1.17734,9688.991,0.546,0.288
20190517_022.lcd,fructose_manitol_sorbitol,B3,B3,12.061,239079,0.787,11.383,12.525,10718,-----,4.98544,6593.493,0.74,0.345
20190517_023.lcd,fructose_manitol_sorbitol,C3,C3,12.026,195033,0.793,11.558,12.467,7706,-----,4.06696,5412.371,0,0.379
20190517_024.lcd,fructose_manitol_sorbitol,D3,D3,12.045,189422,0.786,11.508,12.492,8497,-----,3.94997,6488.328,0.735,0.348
20190517_025.lcd,fructose_manitol_sorbitol,E3,E3,12.018,141327,0.795,11.542,12.508,6350,-----,2.94705,6605.422,0.756,0.344
20190517_026.lcd,fructose_manitol_sorbitol,A4,A4,12.05,196374,0.789,11.65,12.467,9150,-----,4.09493,6834.635,0.691,0.34
20190517_027.lcd,fructose_manitol_sorbitol,B4,B4,12.062,208874,0.788,11.65,12.433,8447,-----,4.35558,5311.808,0,0.389
20190517_028.lcd,fructose_manitol_sorbitol,D4,D4,12.052,136678,0.786,11.533,12.5,6160,-----,2.8501,6524.218,0.729,0.347
20190517_029.lcd,fructose_manitol_sorbitol,E4,E4,12.023,120098,0.794,11.583,12.392,5829,-----,2.50437,7366.662,0.656,0.328
20190517_030.lcd,fructose_manitol_sorbitol,F4,F4,11.98,23942,0.781,11.633,12.333,1095,-----,0.49926,6190.092,0.62,0.376
20190517_031.lcd,fructose_manitol_sorbitol,A5,A5,12.051,101652,0.789,11.667,12.375,5264,-----,2.11972,8302.988,0.596,0.312
20190517_032.lcd,fructose_manitol_sorbitol,B5,B5,12.051,160003,0.786,11.592,12.458,7578,-----,3.33649,7088.61,0.675,0.334
20190517_033.lcd,fructose_manitol_sorbitol,D5,D5,12.006,104978,0.793,11.592,12.367,5268,-----,2.18907,7824.365,0.633,0.317
20190517_034.lcd,fructose_manitol_sorbitol,E5,E5,12.018,164529,0.794,11.475,12.45,7419,-----,3.43087,6579.381,0.739,0.345
20190517_035.lcd,fructose_manitol_sorbitol,A6,A6,12.061,165483,0.795,11.633,12.383,6785,-----,3.45077,5004.828,0,0.402
20190517_036.lcd,fructose_manitol_sorbitol,B6,B6,12.09,225406,0.79,11.592,12.408,8934,-----,4.70032,4358.343,0,0
20190517_037.lcd,fructose_manitol_sorbitol,C6,C6,12.021,156029,0.793,11.567,12.408,7341,-----,3.25362,6968.158,0.688,0.336
20190517_038.lcd,fructose_manitol_sorbitol,D6,D6,12.014,125575,0.792,11.475,12.458,5839,-----,2.61858,7013.03,0.721,0.333
20190517_039.lcd,fructose_manitol_sorbitol,E6,E6,12.013,115002,0.794,11.542,12.442,5336,-----,2.39811,6834.783,0.706,0.338
20190517_040.lcd,fructose_manitol_sorbitol,A7,A7,12.06,160852,0.79,11.692,12.35,6804,-----,3.3542,4650.97,0,0
20190517_041.lcd,fructose_manitol_sorbitol,B7,B7,12.059,214920,0.787,11.533,12.442,8621,-----,4.48166,5313.105,0,0.385
20190517_042.lcd,fructose_manitol_sorbitol,C7,C7,12.01,105134,0.794,11.592,12.392,5104,-----,2.19234,7387.991,0.664,0.326
20190517_043.lcd,fructose_manitol_sorbitol,D7,D7,12.024,165270,0.795,11.508,12.433,7529,-----,3.44632,6665.085,0.729,0.343
20190517_044.lcd,fructose_manitol_sorbitol,E7,E7,12.015,94742,0.794,11.55,12.4,4537,-----,1.97563,7215.774,0.667,0.331
20190517_045.lcd,fructose_manitol_sorbitol,A8,A8,12.063,183258,0.791,11.642,12.4,7668,-----,3.82142,5430.706,0,0.381
20190517_046.lcd,fructose_manitol_sorbitol,B8,B8,12.064,399123,0.788,11.642,12.475,16182,-----,8.3228,5588.28,0,0.375
20190517_047.lcd,fructose_manitol_sorbitol,C8,C8,12.009,112664,0.791,11.633,12.4,5599,-----,2.34935,7706.861,0.643,0.32
20190517_048.lcd,fructose_manitol_sorbitol,D8,D8,12.033,205720,0.795,11.508,12.367,8358,-----,4.28981,5070.123,0,0.39
20190517_049.lcd,fructose_manitol_sorbitol,E8,E8,12.015,103405,0.794,11.55,12.408,4102,-----,2.15627,5198.528,0,0.386
20190517_050.lcd,fructose_manitol_sorbitol,A9,A9,12.066,187994,0.789,11.658,12.425,7800,-----,3.92018,5461.122,0,0.379
20190517_051.lcd,fructose_manitol_sorbitol,B9,B9,12.07,229074,0.789,11.617,12.458,9059,-----,4.77682,5290.404,0,0.387
20190517_052.lcd,fructose_manitol_sorbitol,C9,C9,12.066,217046,0.79,11.642,12.55,10137,-----,4.526,7204.217,0.738,0.328
20190517_053.lcd,fructose_manitol_sorbitol,D9,D9,12.024,198355,0.795,11.517,12.458,9116,-----,4.13624,6763.702,0.717,0.341
20190517_054.lcd,fructose_manitol_sorbitol,E9,E9,12.02,105249,0.794,11.658,12.425,4478,-----,2.19473,5963.828,0,0.361
20190517_055.lcd,fructose_manitol_sorbitol,A10,A10,12.072,345070,0.788,11.533,12.483,13237,-----,7.19565,5049.251,0,0.395
20190517_056.lcd,fructose_manitol_sorbitol,B10,B10,12.013,70527,0.793,11.642,12.433,3290,-----,1.47069,6679.361,0.685,0.343
20190517_057.lcd,fructose_manitol_sorbitol,C10,C10,12.06,265290,0.791,11.383,12.483,10558,-----,5.53201,5794.949,0,0.365
20190517_058.lcd,fructose_manitol_sorbitol,D10,D10,11.985,24409,0.784,11.6,12.383,1032,-----,0.50899,5227.452,0.691,0.397
20190517_059.lcd,fructose_manitol_sorbitol,E10,E10,12.071,476368,0.788,11.308,12.5,16803,-----,9.93355,4609.452,0,0.414
20190517_060.lcd,fructose_manitol_sorbitol,A11,A11,12.045,55082,0.795,11.708,12.475,2798,-----,1.1486,7993.594,0.63,0.315
20190517_061.lcd,fructose_manitol_sorbitol,B11,B11,12.045,37468,0.786,11.65,12.3,1634,-----,0.78131,4475.081,0,0
20190517_062.lcd,fructose_manitol_sorbitol,C11,C11,12.018,112335,0.794,11.525,12.417,5261,-----,2.34248,6943.982,0.69,0.337
20190517_063.lcd,fructose_manitol_sorbitol,D11,D11,12.013,112036,0.794,11.558,12.458,5173,-----,2.33625,6772.029,0.707,0.341
20190517_064.lcd,fructose_manitol_sorbitol,E11,E11,12.017,118317,0.789,11.483,12.45,3973,-----,2.46722,3992.716,0,0.447
20190517_065.lcd,fructose_manitol_sorbitol,A12,A12,12.064,251133,0.788,11.383,12.475,8942,-----,5.23681,4486.675,0,0.431
20190517_066.lcd,fructose_manitol_sorbitol,B12,B12,12.062,334348,0.789,11.3,12.492,12596,-----,6.97205,5182.525,0,0.388
20190517_067.lcd,fructose_manitol_sorbitol,C12,C12,12.004,94782,0.791,11.608,12.367,4762,-----,1.97646,7822.304,0.627,0.318
20190517_068.lcd,fructose_manitol_sorbitol,D12,D12,12.011,114571,0.794,11.542,12.433,5304,-----,2.38912,6791.988,0.698,0.341
20190517_069.lcd,fructose_manitol_sorbitol,E12,E12,12.014,202838,0.793,11.475,12.442,7534,-----,4.22973,4807.618,0,0.4
20190517_070.lcd,fructose_manitol_sorbitol,BLANK,Water,-----,-----,,-----,-----,-----,-----,-----,-----,-----,-----
20190517_071.lcd,fructose_manitol_sorbitol,STD-0111,40 mM Mix,12.04,2090993,0.787,10.975,12.342,87222,-----,43.60287,5914.262,0,0.369
20190517_072.lcd,fructose_manitol_sorbitol,STD-0112,20 mM Mix,12.059,935429,0.787,11.008,12.358,41029,-----,19.50623,6319.689,0,0.353
20190517_073.lcd,fructose_manitol_sorbitol,STD-0113,10 mM Mix,12.062,462856,0.787,11.05,12.367,20123,-----,9.65179,6184.542,0,0.358
20190517_074.lcd,fructose_manitol_sorbitol,STD-0114,5 mM Mix,12.068,247191,0.786,11.15,12.375,10706,-----,5.1546,6105.373,0,0.361
20190517_075.lcd,fructose_manitol_sorbitol,STD-0115,2.5 mM Mix,12.063,138031,0.786,11.183,12.375,5965,-----,2.87832,6120.916,0,0.359
20190517_076.lcd,fructose_manitol_sorbitol,STD-0116,1 mM Mix,12.069,55026,0.786,11.3,12.383,2390,-----,1.14744,6213.096,0,0.356
20190517_077.lcd,fructose_manitol_sorbitol,STD-0117,0.5 mM Mix,12.084,26658,0.787,11.417,12.4,1168,-----,0.55589,6306.944,0,0.356
20190517_078.lcd,fructose_manitol_sorbitol,STD-0118,0.25 mM Mix,12.074,12084,0.787,11.65,12.383,562,-----,0.25199,6758.493,0,0.343
20190517_079.lcd,fructose_manitol_sorbitol,STD-0119,0.1 mM Mix,12.072,4386,0.786,11.717,12.383,210,-----,0.09146,6651.179,0,0.331
20190517_000.lcd,succinate,BLANK,No injection,-----,-----,,-----,-----,-----,-----,-----,-----,-----,-----
20190517_001.lcd,succinate,STD-0111,40 mM Mix,-----,-----,,-----,-----,-----,-----,-----,-----,-----,-----
20190517_002.lcd,succinate,STD-0112,20 mM Mix,-----,-----,,-----,-----,-----,-----,-----,-----,-----,-----
20190517_003.lcd,succinate,STD-0113,10 mM Mix,-----,-----,,-----,-----,-----,-----,-----,-----,-----,-----
20190517_004.lcd,succinate,STD-0114,5 mM Mix,-----,-----,,-----,-----,-----,-----,-----,-----,-----,-----
20190517_005.lcd,succinate,STD-0115,2.5 mM Mix,-----,-----,,-----,-----,-----,-----,-----,-----,-----,-----
20190517_006.lcd,succinate,STD-0116,1 mM Mix,-----,-----,,-----,-----,-----,-----,-----,-----,-----,-----
20190517_007.lcd,succinate,STD-0117,0.5 mM Mix,-----,-----,,-----,-----,-----,-----,-----,-----,-----,-----
20190517_008.lcd,succinate,STD-0118,0.25 mM Mix,-----,-----,,-----,-----,-----,-----,-----,-----,-----,-----
20190517_009.lcd,succinate,STD-0119,0.1 mM Mix,-----,-----,,-----,-----,-----,-----,-----,-----,-----,-----
20190517_010.lcd,succinate,BLANK,Water,-----,-----,,-----,-----,-----,-----,-----,-----,-----,-----
20190517_011.lcd,succinate,A1,A1,-----,-----,,-----,-----,-----,-----,-----,-----,-----,-----
20190517_012.lcd,succinate,B1,B1,-----,-----,,-----,-----,-----,-----,-----,-----,-----,-----
20190517_013.lcd,succinate,C1,C1,-----,-----,,-----,-----,-----,-----,-----,-----,-----,-----
20190517_014.lcd,succinate,E1,E1,-----,-----,,-----,-----,-----,-----,-----,-----,-----,-----
20190517_015.lcd,succinate,F1,F1,-----,-----,,-----,-----,-----,-----,-----,-----,-----,-----
20190517_016.lcd,succinate,A2,A2,-----,-----,,-----,-----,-----,-----,-----,-----,-----,-----
20190517_017.lcd,succinate,B2,B2,-----,-----,,-----,-----,-----,-----,-----,-----,-----,-----
20190517_018.lcd,succinate,C2,C2,-----,-----,,-----,-----,-----,-----,-----,-----,-----,-----
20190517_019.lcd,succinate,D2,D2,-----,-----,,-----,-----,-----,-----,-----,-----,-----,-----
20190517_020.lcd,succinate,E2,E2,-----,-----,,-----,-----,-----,-----,-----,-----,-----,-----
20190517_021.lcd,succinate,A3,A3,-----,-----,,-----,-----,-----,-----,-----,-----,-----,-----
20190517_022.lcd,succinate,B3,B3,-----,-----,,-----,-----,-----,-----,-----,-----,-----,-----
20190517_023.lcd,succinate,C3,C3,-----,-----,,-----,-----,-----,-----,-----,-----,-----,-----
20190517_024.lcd,succinate,D3,D3,-----,-----,,-----,-----,-----,-----,-----,-----,-----,-----
20190517_025.lcd,succinate,E3,E3,-----,-----,,-----,-----,-----,-----,-----,-----,-----,-----
20190517_026.lcd,succinate,A4,A4,-----,-----,,-----,-----,-----,-----,-----,-----,-----,-----
20190517_027.lcd,succinate,B4,B4,-----,-----,,-----,-----,-----,-----,-----,-----,-----,-----
20190517_028.lcd,succinate,D4,D4,-----,-----,,-----,-----,-----,-----,-----,-----,-----,-----
20190517_029.lcd,succinate,E4,E4,-----,-----,,-----,-----,-----,-----,-----,-----,-----,-----
20190517_030.lcd,succinate,F4,F4,-----,-----,,-----,-----,-----,-----,-----,-----,-----,-----
20190517_031.lcd,succinate,A5,A5,-----,-----,,-----,-----,-----,-----,-----,-----,-----,-----
20190517_032.lcd,succinate,B5,B5,-----,-----,,-----,-----,-----,-----,-----,-----,-----,-----
20190517_033.lcd,succinate,D5,D5,-----,-----,,-----,-----,-----,-----,-----,-----,-----,-----
20190517_034.lcd,succinate,E5,E5,-----,-----,,-----,-----,-----,-----,-----,-----,-----,-----
20190517_035.lcd,succinate,A6,A6,-----,-----,,-----,-----,-----,-----,-----,-----,-----,-----
20190517_036.lcd,succinate,B6,B6,-----,-----,,-----,-----,-----,-----,-----,-----,-----,-----
20190517_037.lcd,succinate,C6,C6,-----,-----,,-----,-----,-----,-----,-----,-----,-----,-----
20190517_038.lcd,succinate,D6,D6,-----,-----,,-----,-----,-----,-----,-----,-----,-----,-----
20190517_039.lcd,succinate,E6,E6,-----,-----,,-----,-----,-----,-----,-----,-----,-----,-----
20190517_040.lcd,succinate,A7,A7,-----,-----,,-----,-----,-----,-----,-----,-----,-----,-----
20190517_041.lcd,succinate,B7,B7,-----,-----,,-----,-----,-----,-----,-----,-----,-----,-----
20190517_042.lcd,succinate,C7,C7,-----,-----,,-----,-----,-----,-----,-----,-----,-----,-----
20190517_043.lcd,succinate,D7,D7,-----,-----,,-----,-----,-----,-----,-----,-----,-----,-----
20190517_044.lcd,succinate,E7,E7,-----,-----,,-----,-----,-----,-----,-----,-----,-----,-----
20190517_045.lcd,succinate,A8,A8,-----,-----,,-----,-----,-----,-----,-----,-----,-----,-----
20190517_046.lcd,succinate,B8,B8,-----,-----,,-----,-----,-----,-----,-----,-----,-----,-----
20190517_047.lcd,succinate,C8,C8,-----,-----,,-----,-----,-----,-----,-----,-----,-----,-----
20190517_048.lcd,succinate,D8,D8,12.375,51794,0.818,12.367,13.317,2338,-----,0,--,0,0
20190517_049.lcd,succinate,E8,E8,-----,-----,,-----,-----,-----,-----,-----,-----,-----,-----
20190517_050.lcd,succinate,A9,A9,-----,-----,,-----,-----,-----,-----,-----,-----,-----,-----
20190517_051.lcd,succinate,B9,B9,-----,-----,,-----,-----,-----,-----,-----,-----,-----,-----
20190517_052.lcd,succinate,C9,C9,-----,-----,,-----,-----,-----,-----,-----,-----,-----,-----
20190517_053.lcd,succinate,D9,D9,-----,-----,,-----,-----,-----,-----,-----,-----,-----,-----
20190517_054.lcd,succinate,E9,E9,-----,-----,,-----,-----,-----,-----,-----,-----,-----,-----
20190517_055.lcd,succinate,A10,A10,-----,-----,,-----,-----,-----,-----,-----,-----,-----,-----
20190517_056.lcd,succinate,B10,B10,-----,-----,,-----,-----,-----,-----,-----,-----,-----,-----
20190517_057.lcd,succinate,C10,C10,-----,-----,,-----,-----,-----,-----,-----,-----,-----,-----
20190517_058.lcd,succinate,D10,D10,-----,-----,,-----,-----,-----,-----,-----,-----,-----,-----
20190517_059.lcd,succinate,E10,E10,-----,-----,,-----,-----,-----,-----,-----,-----,-----,-----
20190517_060.lcd,succinate,A11,A11,-----,-----,,-----,-----,-----,-----,-----,-----,-----,-----
20190517_061.lcd,succinate,B11,B11,-----,-----,,-----,-----,-----,-----,-----,-----,-----,-----
20190517_062.lcd,succinate,C11,C11,-----,-----,,-----,-----,-----,-----,-----,-----,-----,-----
20190517_063.lcd,succinate,D11,D11,-----,-----,,-----,-----,-----,-----,-----,-----,-----,-----
20190517_064.lcd,succinate,E11,E11,-----,-----,,-----,-----,-----,-----,-----,-----,-----,-----
20190517_065.lcd,succinate,A12,A12,-----,-----,,-----,-----,-----,-----,-----,-----,-----,-----
20190517_066.lcd,succinate,B12,B12,-----,-----,,-----,-----,-----,-----,-----,-----,-----,-----
20190517_067.lcd,succinate,C12,C12,-----,-----,,-----,-----,-----,-----,-----,-----,-----,-----
20190517_068.lcd,succinate,D12,D12,-----,-----,,-----,-----,-----,-----,-----,-----,-----,-----
20190517_069.lcd,succinate,E12,E12,-----,-----,,-----,-----,-----,-----,-----,-----,-----,-----
20190517_070.lcd,succinate,BLANK,Water,-----,-----,,-----,-----,-----,-----,-----,-----,-----,-----
20190517_071.lcd,succinate,STD-0111,40 mM Mix,-----,-----,,-----,-----,-----,-----,-----,-----,-----,-----
20190517_072.lcd,succinate,STD-0112,20 mM Mix,-----,-----,,-----,-----,-----,-----,-----,-----,-----,-----
20190517_073.lcd,succinate,STD-0113,10 mM Mix,-----,-----,,-----,-----,-----,-----,-----,-----,-----,-----
20190517_074.lcd,succinate,STD-0114,5 mM Mix,-----,-----,,-----,-----,-----,-----,-----,-----,-----,-----
20190517_075.lcd,succinate,STD-0115,2.5 mM Mix,-----,-----,,-----,-----,-----,-----,-----,-----,-----,-----
20190517_076.lcd,succinate,STD-0116,1 mM Mix,-----,-----,,-----,-----,-----,-----,-----,-----,-----,-----
20190517_077.lcd,succinate,STD-0117,0.5 mM Mix,-----,-----,,-----,-----,-----,-----,-----,-----,-----,-----
20190517_078.lcd,succinate,STD-0118,0.25 mM Mix,-----,-----,,-----,-----,-----,-----,-----,-----,-----,-----
20190517_079.lcd,succinate,STD-0119,0.1 mM Mix,-----,-----,,-----,-----,-----,-----,-----,-----,-----,-----
20190517_000.lcd,lactate,BLANK,No injection,-----,-----,,-----,-----,-----,-----,-----,-----,-----,-----
20190517_001.lcd,lactate,STD-0111,40 mM Mix,12.611,2509407,0.824,12.35,13.375,103156,-----,41.0287,7431.089,0,0.335
20190517_002.lcd,lactate,STD-0112,20 mM Mix,12.63,1137356,0.824,12.367,13.4,47312,-----,18.59573,7531.823,0,0.333
20190517_003.lcd,lactate,STD-0113,10 mM Mix,12.64,560897,0.823,12.383,13.433,22885,-----,9.17065,7091.787,0,0.344
20190517_004.lcd,lactate,STD-0114,5 mM Mix,12.641,300025,0.823,12.383,13.45,12122,-----,4.9054,6961.126,0,0.347
20190517_005.lcd,lactate,STD-0115,2.5 mM Mix,12.642,163986,0.823,12.383,13.433,6660,-----,2.68116,6990.67,0,0.348
20190517_006.lcd,lactate,STD-0116,1 mM Mix,12.642,58161,0.823,12.383,13.417,2573,-----,0.95093,7449.674,0,0.335
20190517_007.lcd,lactate,STD-0117,0.5 mM Mix,12.644,28653,0.823,12.375,13.408,1264,-----,0.46848,7519.342,0,0.334
20190517_008.lcd,lactate,STD-0118,0.25 mM Mix,12.642,14034,0.823,12.383,13.317,631,-----,0.22945,7536.956,0,0.333
20190517_009.lcd,lactate,STD-0119,0.1 mM Mix,12.651,5022,0.823,12.392,13.208,235,-----,0.08211,7565.974,0,0.325
20190517_010.lcd,lactate,BLANK,Water,-----,-----,,-----,-----,-----,-----,-----,-----,-----,-----
20190517_011.lcd,lactate,A1,A1,12.606,21033,0.827,12.492,13.117,1108,-----,0.34389,3516.134,0,0
20190517_012.lcd,lactate,B1,B1,12.604,14313,0.825,12.383,12.967,830,-----,0.23402,10702.483,0.512,0.301
20190517_013.lcd,lactate,C1,C1,-----,-----,,-----,-----,-----,-----,-----,-----,-----,-----
20190517_014.lcd,lactate,E1,E1,-----,-----,,-----,-----,-----,-----,-----,-----,-----,-----
20190517_015.lcd,lactate,F1,F1,12.626,53233,0.824,12.408,13.325,2165,-----,0.87036,4300.766,0,0
20190517_016.lcd,lactate,A2,A2,12.639,14685,0.826,12.467,12.9,1032,-----,0.2401,15443.049,0.409,0.252
20190517_017.lcd,lactate,B2,B2,-----,-----,,-----,-----,-----,-----,-----,-----,-----,-----
20190517_018.lcd,lactate,C2,C2,-----,-----,,-----,-----,-----,-----,-----,-----,-----,-----
20190517_019.lcd,lactate,D2,D2,-----,-----,,-----,-----,-----,-----,-----,-----,-----,-----
20190517_020.lcd,lactate,E2,E2,-----,-----,,-----,-----,-----,-----,-----,-----,-----,-----
20190517_021.lcd,lactate,A3,A3,12.607,9053,0.823,12.433,12.975,581,-----,0.14802,11410.62,0.484,0.28
20190517_022.lcd,lactate,B3,B3,12.648,2723,0.826,12.525,12.883,296,-----,0.04452,28053.625,0.314,0.189
20190517_023.lcd,lactate,C3,C3,12.483,31555,0.824,12.467,13.183,1663,-----,0.51593,--,0,0
20190517_024.lcd,lactate,D3,D3,-----,-----,,-----,-----,-----,-----,-----,-----,-----,-----
20190517_025.lcd,lactate,E3,E3,-----,-----,,-----,-----,-----,-----,-----,-----,-----,-----
20190517_026.lcd,lactate,A4,A4,-----,-----,,-----,-----,-----,-----,-----,-----,-----,-----
20190517_027.lcd,lactate,B4,B4,12.522,76236,0.818,12.433,13.133,3323,-----,1.24646,158.604,0,0
20190517_028.lcd,lactate,D4,D4,-----,-----,,-----,-----,-----,-----,-----,-----,-----,-----
20190517_029.lcd,lactate,E4,E4,-----,-----,,-----,-----,-----,-----,-----,-----,-----,-----
20190517_030.lcd,lactate,F4,F4,12.643,11372,0.825,12.367,12.975,578,-----,0.18593,8440.461,0.564,0.336
20190517_031.lcd,lactate,A5,A5,12.627,17429,0.826,12.375,12.992,986,-----,0.28496,10280.128,0.526,0.307
20190517_032.lcd,lactate,B5,B5,12.619,541,0.823,12.458,12.992,110,-----,0.00884,25862.214,0.306,0.225
20190517_033.lcd,lactate,D5,D5,12.617,3718,0.833,12.442,12.992,210,-----,0.06079,10453.169,0.496,0.336
20190517_034.lcd,lactate,E5,E5,12.638,2797,0.835,12.45,12.992,177,-----,0.04574,10739.355,0.493,0.335
20190517_035.lcd,lactate,A6,A6,12.577,86629,0.829,12.383,13.033,3551,-----,1.41638,2010.469,0,0
20190517_036.lcd,lactate,B6,B6,12.575,150696,0.822,12.408,13.492,5510,-----,2.46388,1120.783,0,0
20190517_037.lcd,lactate,C6,C6,-----,-----,,-----,-----,-----,-----,-----,-----,-----,-----
20190517_038.lcd,lactate,D6,D6,12.651,4924,0.834,12.458,13.025,260,-----,0.08052,9681.045,0.519,0.352
20190517_039.lcd,lactate,E6,E6,12.685,3839,0.838,12.442,13.008,200,-----,0.06277,9564.724,0.526,0.356
20190517_040.lcd,lactate,A7,A7,12.574,151610,0.824,12.35,13.442,5453,-----,2.47881,2491.677,0,0
20190517_041.lcd,lactate,B7,B7,12.45,53758,0.812,12.442,13.317,2592,-----,0.87895,--,0,0
20190517_042.lcd,lactate,C7,C7,-----,-----,,-----,-----,-----,-----,-----,-----,-----,-----
20190517_043.lcd,lactate,D7,D7,-----,-----,,-----,-----,-----,-----,-----,-----,-----,-----
20190517_044.lcd,lactate,E7,E7,12.658,4239,0.837,12.408,13.017,234,-----,0.06931,10076.938,0.51,0.335
20190517_045.lcd,lactate,A8,A8,12.591,72963,0.825,12.4,13.008,3187,-----,1.19293,2427.775,0,0
20190517_046.lcd,lactate,B8,B8,12.596,101233,0.822,12.475,13.283,4990,-----,1.65516,1824.347,0,0
20190517_047.lcd,lactate,C8,C8,12.619,6046,0.831,12.4,12.975,368,-----,0.09886,11091.185,0.508,0.304
20190517_048.lcd,lactate,D8,D8,-----,-----,,-----,-----,-----,-----,-----,-----,-----,-----
20190517_049.lcd,lactate,E8,E8,12.619,52212,0.834,12.408,13.325,2165,-----,0.85367,4434.267,0,0
20190517_050.lcd,lactate,A9,A9,12.594,63179,0.823,12.425,13.133,2749,-----,1.03298,1746.968,0,0
20190517_051.lcd,lactate,B9,B9,12.584,82144,0.823,12.458,13.3,3757,-----,1.34304,1513.133,0,0
20190517_052.lcd,lactate,C9,C9,-----,-----,,-----,-----,-----,-----,-----,-----,-----,-----
20190517_053.lcd,lactate,D9,D9,12.646,4403,0.836,12.458,13,277,-----,0.07199,10675.133,0.484,0.324
20190517_054.lcd,lactate,E9,E9,12.613,38836,0.834,12.425,13.4,1654,-----,0.63497,4143.408,0,0
20190517_055.lcd,lactate,A10,A10,12.492,75287,0.815,12.483,13.508,3781,-----,1.23095,--,0,0
20190517_056.lcd,lactate,B10,B10,-----,-----,,-----,-----,-----,-----,-----,-----,-----,-----
20190517_057.lcd,lactate,C10,C10,12.492,39368,0.819,12.483,13.158,2183,-----,0.64367,--,0,0
20190517_058.lcd,lactate,D10,D10,12.631,15009,0.827,12.383,13.008,737,-----,0.2454,7261.286,0,0.351
20190517_059.lcd,lactate,E10,E10,12.508,113484,0.817,12.5,13.583,5451,-----,1.85545,--,0,0
20190517_060.lcd,lactate,A11,A11,-----,-----,,-----,-----,-----,-----,-----,-----,-----,-----
20190517_061.lcd,lactate,B11,B11,12.603,69564,0.823,12.3,13.392,2564,-----,1.13737,4537.624,0,0.432
20190517_062.lcd,lactate,C11,C11,12.629,5627,0.834,12.417,13.017,317,-----,0.092,9168.218,0.53,0.331
20190517_063.lcd,lactate,D11,D11,12.673,3949,0.838,12.458,13.017,230,-----,0.06457,10464.644,0.513,0.327
20190517_064.lcd,lactate,E11,E11,12.593,47558,0.827,12.45,13.242,2095,-----,0.77756,2315.324,0,0
20190517_065.lcd,lactate,A12,A12,12.527,92499,0.818,12.475,13.567,4014,-----,1.51235,213.874,0,0
20190517_066.lcd,lactate,B12,B12,12.5,52711,0.817,12.492,13.375,2867,-----,0.86183,--,0,0
20190517_067.lcd,lactate,C12,C12,12.627,8175,0.832,12.367,13.017,402,-----,0.13367,7734.666,0.577,0.37
20190517_068.lcd,lactate,D12,D12,12.664,4657,0.838,12.433,13.008,265,-----,0.07614,9780.022,0.52,0.331
20190517_069.lcd,lactate,E12,E12,12.554,51936,0.829,12.442,13.225,2233,-----,0.84916,256.933,0,0
20190517_070.lcd,lactate,BLANK,Water,-----,-----,,-----,-----,-----,-----,-----,-----,-----,-----
20190517_071.lcd,lactate,STD-0111,40 mM Mix,12.598,2609943,0.824,12.342,13.417,97770,-----,42.67247,6296.004,0,0.365
20190517_072.lcd,lactate,STD-0112,20 mM Mix,12.617,1151570,0.824,12.358,13.425,45123,-----,18.82813,6731.547,0,0.353
20190517_073.lcd,lactate,STD-0113,10 mM Mix,12.625,564987,0.823,12.367,13.442,21966,-----,9.23751,6487.455,0,0.36
20190517_074.lcd,lactate,STD-0114,5 mM Mix,12.638,304776,0.824,12.375,13.467,11665,-----,4.98308,6365.468,0,0.364
20190517_075.lcd,lactate,STD-0115,2.5 mM Mix,12.639,168366,0.824,12.375,13.492,6451,-----,2.75278,6394.265,0,0.363
20190517_076.lcd,lactate,STD-0116,1 mM Mix,12.645,65963,0.824,12.383,13.483,2569,-----,1.07849,6485.177,0,0.361
20190517_077.lcd,lactate,STD-0117,0.5 mM Mix,12.651,31157,0.824,12.4,13.433,1253,-----,0.50942,6514.982,0,0.36
20190517_078.lcd,lactate,STD-0118,0.25 mM Mix,12.644,13973,0.824,12.383,13.383,604,-----,0.22846,7091.159,0,0.346
20190517_079.lcd,lactate,STD-0119,0.1 mM Mix,12.644,4901,0.823,12.383,13.175,225,-----,0.08013,6972.517,0,0.339
20190517_000.lcd,formate,BLANK,No injection,-----,-----,,-----,-----,-----,-----,-----,-----,-----,-----
20190517_001.lcd,formate,STD-0111,40 mM Mix,13.977,1800457,0.913,13.375,14.692,66795,-----,47.32468,9495.105,0,0.328
20190517_002.lcd,formate,STD-0112,20 mM Mix,14,781397,0.913,13.4,14.717,29769,-----,20.53887,9692.463,0,0.326
20190517_003.lcd,formate,STD-0113,10 mM Mix,14.019,363142,0.913,13.433,14.75,13916,-----,9.54511,9544.742,0,0.329
20190517_004.lcd,formate,STD-0114,5 mM Mix,14.018,186827,0.913,13.45,14.742,7186,-----,4.91072,9474.469,0,0.33
20190517_005.lcd,formate,STD-0115,2.5 mM Mix,14.018,102176,0.913,13.433,14.767,3931,-----,2.68567,9527.06,0,0.33
20190517_006.lcd,formate,STD-0116,1 mM Mix,14.02,30216,0.913,13.525,14.717,1437,-----,0.79423,11086.56,0.794,0.306
20190517_007.lcd,formate,STD-0117,0.5 mM Mix,14.022,14643,0.913,13.575,14.692,699,-----,0.38489,11056.729,0.79,0.306
20190517_008.lcd,formate,STD-0118,0.25 mM Mix,14.021,6970,0.912,13.658,14.575,348,-----,0.18322,12056.609,0.722,0.301
20190517_009.lcd,formate,STD-0119,0.1 mM Mix,14.021,2402,0.912,13.733,14.442,128,-----,0.06315,12437.088,0.604,0.293
20190517_010.lcd,formate,BLANK,Water,-----,-----,,-----,-----,-----,-----,-----,-----,-----,-----
20190517_011.lcd,formate,A1,A1,-----,-----,,-----,-----,-----,-----,-----,-----,-----,-----
20190517_012.lcd,formate,B1,B1,-----,-----,,-----,-----,-----,-----,-----,-----,-----,-----
20190517_013.lcd,formate,C1,C1,-----,-----,,-----,-----,-----,-----,-----,-----,-----,-----
20190517_014.lcd,formate,E1,E1,-----,-----,,-----,-----,-----,-----,-----,-----,-----,-----
20190517_015.lcd,formate,F1,F1,13.986,20938,0.912,13.483,14.517,703,-----,0.55034,3790.217,0.905,0.499
20190517_016.lcd,formate,A2,A2,-----,-----,,-----,-----,-----,-----,-----,-----,-----,-----
20190517_017.lcd,formate,B2,B2,-----,-----,,-----,-----,-----,-----,-----,-----,-----,-----
20190517_018.lcd,formate,C2,C2,-----,-----,,-----,-----,-----,-----,-----,-----,-----,-----
20190517_019.lcd,formate,D2,D2,13.931,7821,0.908,13.583,14.525,246,-----,0.20558,3658.425,0.881,0.567
20190517_020.lcd,formate,E2,E2,-----,-----,,-----,-----,-----,-----,-----,-----,-----,-----
20190517_021.lcd,formate,A3,A3,-----,-----,,-----,-----,-----,-----,-----,-----,-----,-----
20190517_022.lcd,formate,B3,B3,-----,-----,,-----,-----,-----,-----,-----,-----,-----,-----
20190517_023.lcd,formate,C3,C3,-----,-----,,-----,-----,-----,-----,-----,-----,-----,-----
20190517_024.lcd,formate,D3,D3,-----,-----,,-----,-----,-----,-----,-----,-----,-----,-----
20190517_025.lcd,formate,E3,E3,-----,-----,,-----,-----,-----,-----,-----,-----,-----,-----
20190517_026.lcd,formate,A4,A4,-----,-----,,-----,-----,-----,-----,-----,-----,-----,-----
20190517_027.lcd,formate,B4,B4,-----,-----,,-----,-----,-----,-----,-----,-----,-----,-----
20190517_028.lcd,formate,D4,D4,-----,-----,,-----,-----,-----,-----,-----,-----,-----,-----
20190517_029.lcd,formate,E4,E4,-----,-----,,-----,-----,-----,-----,-----,-----,-----,-----
20190517_030.lcd,formate,F4,F4,14.036,6169,0.916,13.817,14.567,260,-----,0.16216,6307.824,0.673,0.424
20190517_031.lcd,formate,A5,A5,-----,-----,,-----,-----,-----,-----,-----,-----,-----,-----
20190517_032.lcd,formate,B5,B5,-----,-----,,-----,-----,-----,-----,-----,-----,-----,-----
20190517_033.lcd,formate,D5,D5,-----,-----,,-----,-----,-----,-----,-----,-----,-----,-----
20190517_034.lcd,formate,E5,E5,-----,-----,,-----,-----,-----,-----,-----,-----,-----,-----
20190517_035.lcd,formate,A6,A6,-----,-----,,-----,-----,-----,-----,-----,-----,-----,-----
20190517_036.lcd,formate,B6,B6,-----,-----,,-----,-----,-----,-----,-----,-----,-----,-----
20190517_037.lcd,formate,C6,C6,-----,-----,,-----,-----,-----,-----,-----,-----,-----,-----
20190517_038.lcd,formate,D6,D6,-----,-----,,-----,-----,-----,-----,-----,-----,-----,-----
20190517_039.lcd,formate,E6,E6,-----,-----,,-----,-----,-----,-----,-----,-----,-----,-----
20190517_040.lcd,formate,A7,A7,-----,-----,,-----,-----,-----,-----,-----,-----,-----,-----
20190517_041.lcd,formate,B7,B7,-----,-----,,-----,-----,-----,-----,-----,-----,-----,-----
20190517_042.lcd,formate,C7,C7,-----,-----,,-----,-----,-----,-----,-----,-----,-----,-----
20190517_043.lcd,formate,D7,D7,-----,-----,,-----,-----,-----,-----,-----,-----,-----,-----
20190517_044.lcd,formate,E7,E7,-----,-----,,-----,-----,-----,-----,-----,-----,-----,-----
20190517_045.lcd,formate,A8,A8,-----,-----,,-----,-----,-----,-----,-----,-----,-----,-----
20190517_046.lcd,formate,B8,B8,-----,-----,,-----,-----,-----,-----,-----,-----,-----,-----
20190517_047.lcd,formate,C8,C8,-----,-----,,-----,-----,-----,-----,-----,-----,-----,-----
20190517_048.lcd,formate,D8,D8,-----,-----,,-----,-----,-----,-----,-----,-----,-----,-----
20190517_049.lcd,formate,E8,E8,-----,-----,,-----,-----,-----,-----,-----,-----,-----,-----
20190517_050.lcd,formate,A9,A9,-----,-----,,-----,-----,-----,-----,-----,-----,-----,-----
20190517_051.lcd,formate,B9,B9,-----,-----,,-----,-----,-----,-----,-----,-----,-----,-----
20190517_052.lcd,formate,C9,C9,-----,-----,,-----,-----,-----,-----,-----,-----,-----,-----
20190517_053.lcd,formate,D9,D9,-----,-----,,-----,-----,-----,-----,-----,-----,-----,-----
20190517_054.lcd,formate,E9,E9,-----,-----,,-----,-----,-----,-----,-----,-----,-----,-----
20190517_055.lcd,formate,A10,A10,-----,-----,,-----,-----,-----,-----,-----,-----,-----,-----
20190517_056.lcd,formate,B10,B10,14.014,20079,0.925,13.425,14.65,543,-----,0.52778,2813.549,1.075,0.616
20190517_057.lcd,formate,C10,C10,-----,-----,,-----,-----,-----,-----,-----,-----,-----,-----
20190517_058.lcd,formate,D10,D10,-----,-----,,-----,-----,-----,-----,-----,-----,-----,-----
20190517_059.lcd,formate,E10,E10,-----,-----,,-----,-----,-----,-----,-----,-----,-----,-----
20190517_060.lcd,formate,A11,A11,13.986,2879,0.924,13.625,14.242,153,-----,0.07566,12274.098,0.555,0.299
20190517_061.lcd,formate,B11,B11,14.008,4503,0.914,13.767,14.475,243,-----,0.11837,12516.108,0.637,0.295
20190517_062.lcd,formate,C11,C11,-----,-----,,-----,-----,-----,-----,-----,-----,-----,-----
20190517_063.lcd,formate,D11,D11,-----,-----,,-----,-----,-----,-----,-----,-----,-----,-----
20190517_064.lcd,formate,E11,E11,-----,-----,,-----,-----,-----,-----,-----,-----,-----,-----
20190517_065.lcd,formate,A12,A12,-----,-----,,-----,-----,-----,-----,-----,-----,-----,-----
20190517_066.lcd,formate,B12,B12,-----,-----,,-----,-----,-----,-----,-----,-----,-----,-----
20190517_067.lcd,formate,C12,C12,-----,-----,,-----,-----,-----,-----,-----,-----,-----,-----
20190517_068.lcd,formate,D12,D12,-----,-----,,-----,-----,-----,-----,-----,-----,-----,-----
20190517_069.lcd,formate,E12,E12,-----,-----,,-----,-----,-----,-----,-----,-----,-----,-----
20190517_070.lcd,formate,BLANK,Water,-----,-----,,-----,-----,-----,-----,-----,-----,-----,-----
20190517_071.lcd,formate,STD-0111,40 mM Mix,13.967,1856422,0.913,13.417,14.75,63001,-----,48.7957,8344.639,0,0.351
20190517_072.lcd,formate,STD-0112,20 mM Mix,13.99,777803,0.913,13.425,14.75,28164,-----,20.4444,8998.132,0,0.338
20190517_073.lcd,formate,STD-0113,10 mM Mix,13.998,363203,0.913,13.442,14.775,13286,-----,9.54673,8945.397,0,0.34
20190517_074.lcd,formate,STD-0114,5 mM Mix,14.011,187505,0.913,13.467,14.8,6841,-----,4.92853,8819.311,0,0.342
20190517_075.lcd,formate,STD-0115,2.5 mM Mix,14.01,101305,0.913,13.492,14.775,3763,-----,2.66278,8849.881,0,0.341
20190517_076.lcd,formate,STD-0116,1 mM Mix,14.018,39152,0.913,13.483,14.783,1483,-----,1.02911,9045.6,0,0.338
20190517_077.lcd,formate,STD-0117,0.5 mM Mix,14.03,16764,0.913,13.617,14.658,705,-----,0.44064,9670.769,0,0.33
20190517_078.lcd,formate,STD-0118,0.25 mM Mix,14.02,7043,0.913,13.633,14.667,333,-----,0.18514,10804.719,0.781,0.311
20190517_079.lcd,formate,STD-0119,0.1 mM Mix,14.022,2327,0.913,13.708,14.433,121,-----,0.06116,12671.457,0.65,0.302
20190517_000.lcd,acetate,BLANK,No injection,-----,-----,,-----,-----,-----,-----,-----,-----,-----,-----
20190517_001.lcd,acetate,STD-0111,40 mM Mix,15.31,1381456,1,14.692,16.908,43525,-----,56.35143,9095.206,0,0.368
20190517_002.lcd,acetate,STD-0112,20 mM Mix,15.337,586611,1,14.717,16.925,19843,-----,23.92864,9506.787,0,0.361
20190517_003.lcd,acetate,STD-0113,10 mM Mix,15.358,267206,1,14.75,16.925,9385,-----,10.89968,9513,0,0.362
20190517_004.lcd,acetate,STD-0114,5 mM Mix,15.359,136735,1,14.742,16.833,4807,-----,5.57762,9443.878,0,0.363
20190517_005.lcd,acetate,STD-0115,2.5 mM Mix,15.359,70407,1,14.767,16.592,2540,-----,2.87198,9547.72,0,0.362
20190517_006.lcd,acetate,STD-0116,1 mM Mix,15.365,21440,1,14.883,16.15,932,-----,0.87457,10878.831,0.845,0.339
20190517_007.lcd,acetate,STD-0117,0.5 mM Mix,15.362,10504,1,14.933,16.125,459,-----,0.42848,11140.431,0.852,0.341
20190517_008.lcd,acetate,STD-0118,0.25 mM Mix,15.369,4950,1,14.967,15.842,228,-----,0.20192,10664.266,0.748,0.335
20190517_009.lcd,acetate,STD-0119,0.1 mM Mix,15.377,1657,1,15.075,15.7,88,-----,0.06761,15266.597,0.561,0.298
20190517_010.lcd,acetate,BLANK,Water,-----,-----,,-----,-----,-----,-----,-----,-----,-----,-----
20190517_011.lcd,acetate,A1,A1,15.246,109520,1,14.633,16.042,3382,-----,4.46749,5468.107,1.099,0.497
20190517_012.lcd,acetate,B1,B1,15.284,322246,1,14.458,16.05,8484,-----,13.14486,4658.081,0,0.542
20190517_013.lcd,acetate,C1,C1,15.173,103045,1,14.767,15.567,3472,-----,4.20335,4369.625,0,0
20190517_014.lcd,acetate,E1,E1,15.131,60054,1,14.725,15.592,2776,-----,2.44969,10456.397,0.676,0.346
20190517_015.lcd,acetate,F1,F1,15.332,245736,1,14.608,16.2,8543,-----,10.02392,7348.799,1.089,0.411
20190517_016.lcd,acetate,A2,A2,15.294,251704,1,14.475,15.725,6259,-----,10.26733,2491.454,0,0
20190517_017.lcd,acetate,B2,B2,15.348,121681,1,14.892,15.808,4259,-----,4.96352,6823.83,0,0.435
20190517_018.lcd,acetate,C2,C2,15.166,92793,1,14.75,15.567,3091,-----,3.78515,4333.293,0,0
20190517_019.lcd,acetate,D2,D2,15.338,203767,1,14.667,16.025,7331,-----,8.31191,7979.93,1.092,0.393
20190517_020.lcd,acetate,E2,E2,15.141,179291,1,14.633,15.525,6138,-----,7.31353,4972.74,0,0.546
20190517_021.lcd,acetate,A3,A3,15.313,211481,1,14.683,16.1,6883,-----,8.62658,6201.501,0,0.444
20190517_022.lcd,acetate,B3,B3,15.319,103592,1,14.792,15.75,3096,-----,4.22565,3964.002,0,0.582
20190517_023.lcd,acetate,C3,C3,15.157,83997,1,14.75,15.533,2993,-----,3.42636,5148.138,0,0.507
20190517_024.lcd,acetate,D3,D3,15.326,334312,1,14.517,16.2,11530,-----,13.63703,7396.201,1.114,0.409
20190517_025.lcd,acetate,E3,E3,15.122,274757,1,14.675,15.583,9677,-----,11.20769,6459.924,0,0.439
20190517_026.lcd,acetate,A4,A4,15.278,93530,1,14.683,16.05,2988,-----,3.81522,5709.609,1.11,0.471
20190517_027.lcd,acetate,B4,B4,15.305,224420,1,14.5,15.875,6605,-----,9.15439,4729.727,0,0.512
20190517_028.lcd,acetate,D4,D4,15.338,264245,1,14.7,16.067,9205,-----,10.77891,7721.867,1.131,0.4
20190517_029.lcd,acetate,E4,E4,15.139,113052,1,14.758,15.533,4125,-----,4.61155,6024.763,0,0.466
20190517_030.lcd,acetate,F4,F4,15.331,147103,1,14.717,15.917,5569,-----,6.00055,8230.54,0.963,0.387
20190517_031.lcd,acetate,A5,A5,15.283,165350,1,14.7,15.883,4575,-----,6.74483,4243.855,0,0.552
20190517_032.lcd,acetate,B5,B5,15.34,182978,1,14.442,15.925,5328,-----,7.46391,5855.932,0,0.468
20190517_033.lcd,acetate,D5,D5,15.145,165166,1,14.7,15.608,5286,-----,6.73734,4475.736,0,0.533
20190517_034.lcd,acetate,E5,E5,15.127,82567,1,14.675,15.55,3284,-----,3.36802,8090.165,0,0.391
20190517_035.lcd,acetate,A6,A6,15.171,229824,1,14.55,15.733,7620,-----,9.37481,5851.225,0,0.464
20190517_036.lcd,acetate,B6,B6,15.295,289673,1,14.475,15.925,8462,-----,11.81613,5176.022,0,0.493
20190517_037.lcd,acetate,C6,C6,15.158,107038,1,14.758,15.508,3820,-----,4.36621,4547.548,0,0
20190517_038.lcd,acetate,D6,D6,15.163,85270,1,14.667,15.608,2995,-----,3.47828,6025.081,0,0.454
20190517_039.lcd,acetate,E6,E6,15.132,68070,1,14.733,15.533,2707,-----,2.77665,8064.6,0,0.393
20190517_040.lcd,acetate,A7,A7,15.266,149585,1,14.592,16.05,4471,-----,6.10176,5285.006,0,0.496
20190517_041.lcd,acetate,B7,B7,15.33,222848,1,14.658,15.967,5903,-----,9.09028,4535.038,0,0.54
20190517_042.lcd,acetate,C7,C7,15.129,1170388,1,13.775,15.708,37356,-----,47.7417,6936.66,0,0.419
20190517_043.lcd,acetate,D7,D7,15.131,229868,1,14.575,15.525,8767,-----,9.37664,7458.899,0,0.407
20190517_044.lcd,acetate,E7,E7,15.129,70972,1,14.708,15.533,2865,-----,2.89503,8197.136,0,0.387
20190517_045.lcd,acetate,A8,A8,15.253,133889,1,14.675,15.758,4305,-----,5.46153,5588.33,0,0.49
20190517_046.lcd,acetate,B8,B8,15.315,164238,1,14.85,15.792,5295,-----,6.69947,5270.999,0,0.485
20190517_047.lcd,acetate,C8,C8,15.189,145875,1,14.592,15.567,4276,-----,5.95043,2857.376,0,0
20190517_048.lcd,acetate,D8,D8,15.134,114557,1,14.658,15.575,4583,-----,4.67293,8342.072,0,0.384
20190517_049.lcd,acetate,E8,E8,15.129,90274,1,14.733,15.508,3853,-----,3.68241,8959.777,0,0.372
20190517_050.lcd,acetate,A9,A9,15.3,110156,1,14.675,16.067,3670,-----,4.49339,6042.16,1.069,0.451
20190517_051.lcd,acetate,B9,B9,15.289,187497,1,14.492,15.875,4836,-----,7.64823,3896.048,0,0.587
20190517_052.lcd,acetate,C9,C9,15.275,287874,1,14.642,15.733,8310,-----,11.74277,4320.134,0,0.562
20190517_053.lcd,acetate,D9,D9,15.133,200740,1,14.567,15.692,7321,-----,8.18844,7519.042,0,0.404
20190517_054.lcd,acetate,E9,E9,15.13,354328,1,14.55,15.658,13601,-----,14.45352,8288.526,0,0.385
20190517_055.lcd,acetate,A10,A10,15.32,83282,1,14.642,16.05,3052,-----,3.39717,7723.149,1.011,0.4
20190517_056.lcd,acetate,B10,B10,15.149,114321,1,14.65,15.6,3728,-----,4.6633,5056.108,0,0.513
20190517_057.lcd,acetate,C10,C10,15.245,317747,1,14.508,15.867,9819,-----,12.96131,5437.399,0,0.487
20190517_058.lcd,acetate,D10,D10,15.282,100314,1,14.642,15.758,2836,-----,4.09193,3936.662,0,0.576
20190517_059.lcd,acetate,E10,E10,15.309,153797,1,14.55,16.067,5307,-----,6.2736,6814.356,1.072,0.425
20190517_060.lcd,acetate,A11,A11,15.143,509415,1,14.242,15.675,16420,-----,20.77971,6067.321,0,0.45
20190517_061.lcd,acetate,B11,B11,15.322,189832,1,14.625,16.167,7108,-----,7.7435,8583.258,1.043,0.38
20190517_062.lcd,acetate,C11,C11,15.143,131713,1,14.692,15.508,4607,-----,5.37276,4897.181,0,0
20190517_063.lcd,acetate,D11,D11,15.129,112120,1,14.658,15.542,4368,-----,4.5735,7776.384,0,0.398
20190517_064.lcd,acetate,E11,E11,15.221,96444,1,14.708,15.708,2977,-----,3.93409,5007.505,0,0.518
20190517_065.lcd,acetate,A12,A12,15.319,163892,1,14.5,16.017,5027,-----,6.68537,6549.633,0,0.434
20190517_066.lcd,acetate,B12,B12,15.291,260068,1,14.258,15.842,6823,-----,10.6085,4077.624,0,0.56
20190517_067.lcd,acetate,C12,C12,15.17,99234,1,14.75,15.542,3176,-----,4.04788,2993.931,0,0
20190517_068.lcd,acetate,D12,D12,15.121,87867,1,14.675,15.583,3485,-----,3.58421,8367.456,0,0.384
20190517_069.lcd,acetate,E12,E12,15.145,153641,1,14.6,15.917,5039,-----,6.26721,6188.39,0,0.444
20190517_070.lcd,acetate,BLANK,Water,-----,-----,,-----,-----,-----,-----,-----,-----,-----,-----
20190517_071.lcd,acetate,STD-0111,40 mM Mix,15.295,1442501,1,14.75,16.892,41496,-----,58.84151,7942.203,0,0.394
20190517_072.lcd,acetate,STD-0112,20 mM Mix,15.321,580047,1,14.75,16.917,18821,-----,23.6609,8792.246,0,0.375
20190517_073.lcd,acetate,STD-0113,10 mM Mix,15.333,263027,1,14.775,16.858,8977,-----,10.72922,8904.018,0,0.373
20190517_074.lcd,acetate,STD-0114,5 mM Mix,15.346,134174,1,14.8,16.867,4587,-----,5.47315,8860.465,0,0.375
20190517_075.lcd,acetate,STD-0115,2.5 mM Mix,15.345,70765,1,14.775,16.617,2441,-----,2.88661,8851.029,0,0.375
20190517_076.lcd,acetate,STD-0116,1 mM Mix,15.352,25313,1,14.892,16.3,950,-----,1.03255,9371.457,0,0.367
20190517_077.lcd,acetate,STD-0117,0.5 mM Mix,15.359,10481,1,14.933,16.167,444,-----,0.42752,10287.771,0,0.35
20190517_078.lcd,acetate,STD-0118,0.25 mM Mix,15.35,4230,1,15.025,15.808,205,-----,0.17256,12467.75,0.66,0.329
20190517_079.lcd,acetate,STD-0119,0.1 mM Mix,15.361,1531,1,15.083,15.767,79,-----,0.06243,14722.363,0.601,0.306
20190517_000.lcd,propionate,BLANK,No injection,-----,-----,,-----,-----,-----,-----,-----,-----,-----,-----
20190517_001.lcd,propionate,STD-0111,40 mM Mix,18.139,1483751,1.185,16.908,19.208,43355,-----,53.93677,9271.135,0,0.435
20190517_002.lcd,propionate,STD-0112,20 mM Mix,18.172,652817,1.185,16.925,19.25,20333,-----,23.73097,9752.002,1.428,0.425
20190517_003.lcd,propionate,STD-0113,10 mM Mix,18.2,312915,1.185,16.925,19.35,9800,-----,11.37497,9663.075,1.39,0.427
20190517_004.lcd,propionate,STD-0114,5 mM Mix,18.2,160385,1.185,17.117,19.367,5004,-----,5.83027,9670.944,1.463,0.429
20190517_005.lcd,propionate,STD-0115,2.5 mM Mix,18.198,72068,1.185,17.258,18.992,2524,-----,2.61979,10229.527,1.084,0.416
20190517_006.lcd,propionate,STD-0116,1 mM Mix,18.205,27143,1.185,17.442,18.883,985,-----,0.98668,10553.877,1.007,0.409
20190517_007.lcd,propionate,STD-0117,0.5 mM Mix,18.204,13295,1.185,17.658,18.825,488,-----,0.48328,10397.307,1.013,0.407
20190517_008.lcd,propionate,STD-0118,0.25 mM Mix,18.212,5724,1.185,17.767,18.75,232,-----,0.20807,12142.043,0.825,0.388
20190517_009.lcd,propionate,STD-0119,0.1 mM Mix,18.196,1833,1.183,17.9,18.65,83,-----,0.06664,15270.159,0.674,0.358
20190517_010.lcd,propionate,BLANK,Water,-----,-----,,-----,-----,-----,-----,-----,-----,-----,-----
20190517_011.lcd,propionate,A1,A1,-----,-----,,-----,-----,-----,-----,-----,-----,-----,-----
20190517_012.lcd,propionate,B1,B1,18.167,7603,1.189,17.808,18.675,347,-----,0.27638,14986.957,0.702,0.351
20190517_013.lcd,propionate,C1,C1,-----,-----,,-----,-----,-----,-----,-----,-----,-----,-----
20190517_014.lcd,propionate,E1,E1,-----,-----,,-----,-----,-----,-----,-----,-----,-----,-----
20190517_015.lcd,propionate,F1,F1,18.189,27120,1.186,17.817,18.575,1259,-----,0.98585,15039.788,0.666,0.349
20190517_016.lcd,propionate,A2,A2,-----,-----,,-----,-----,-----,-----,-----,-----,-----,-----
20190517_017.lcd,propionate,B2,B2,18.184,4424,1.185,17.883,18.675,219,-----,0.1608,16883.825,0.613,0.335
20190517_018.lcd,propionate,C2,C2,-----,-----,,-----,-----,-----,-----,-----,-----,-----,-----
20190517_019.lcd,propionate,D2,D2,18.192,87808,1.186,17.492,19.083,3103,-----,3.19197,10428.731,1.076,0.412
20190517_020.lcd,propionate,E2,E2,-----,-----,,-----,-----,-----,-----,-----,-----,-----,-----
20190517_021.lcd,propionate,A3,A3,18.128,13846,1.184,17.558,18.633,493,-----,0.50332,8716.383,0.886,0.454
20190517_022.lcd,propionate,B3,B3,-----,-----,,-----,-----,-----,-----,-----,-----,-----,-----
20190517_023.lcd,propionate,C3,C3,-----,-----,,-----,-----,-----,-----,-----,-----,-----,-----
20190517_024.lcd,propionate,D3,D3,18.182,64310,1.186,17.625,18.95,2401,-----,2.33778,10844.79,0.944,0.405
20190517_025.lcd,propionate,E3,E3,-----,-----,,-----,-----,-----,-----,-----,-----,-----,-----
20190517_026.lcd,propionate,A4,A4,-----,-----,,-----,-----,-----,-----,-----,-----,-----,-----
20190517_027.lcd,propionate,B4,B4,18.178,7407,1.188,17.842,18.658,336,-----,0.26924,14865.54,0.7,0.354
20190517_028.lcd,propionate,D4,D4,18.18,29289,1.185,17.617,18.675,1202,-----,1.06469,12392.187,0.797,0.383
20190517_029.lcd,propionate,E4,E4,-----,-----,,-----,-----,-----,-----,-----,-----,-----,-----
20190517_030.lcd,propionate,F4,F4,18.186,13937,1.186,17.883,18.633,679,-----,0.50663,16376.435,0.636,0.338
20190517_031.lcd,propionate,A5,A5,-----,-----,,-----,-----,-----,-----,-----,-----,-----,-----
20190517_032.lcd,propionate,B5,B5,18.179,8099,1.185,17.858,18.792,362,-----,0.29441,14407.052,0,0.363
20190517_033.lcd,propionate,D5,D5,-----,-----,,-----,-----,-----,-----,-----,-----,-----,-----
20190517_034.lcd,propionate,E5,E5,-----,-----,,-----,-----,-----,-----,-----,-----,-----,-----
20190517_035.lcd,propionate,A6,A6,-----,-----,,-----,-----,-----,-----,-----,-----,-----,-----
20190517_036.lcd,propionate,B6,B6,18.186,7991,1.189,17.883,18.625,393,-----,0.2905,16983.26,0.625,0.335
20190517_037.lcd,propionate,C6,C6,-----,-----,,-----,-----,-----,-----,-----,-----,-----,-----
20190517_038.lcd,propionate,D6,D6,-----,-----,,-----,-----,-----,-----,-----,-----,-----,-----
20190517_039.lcd,propionate,E6,E6,-----,-----,,-----,-----,-----,-----,-----,-----,-----,-----
20190517_040.lcd,propionate,A7,A7,18.171,2618,1.19,17.958,18.525,151,-----,0.09515,22475.792,0.511,0.295
20190517_041.lcd,propionate,B7,B7,18.173,4970,1.185,17.875,18.608,241,-----,0.18066,16660.323,0.623,0.341
20190517_042.lcd,propionate,C7,C7,-----,-----,,-----,-----,-----,-----,-----,-----,-----,-----
20190517_043.lcd,propionate,D7,D7,-----,-----,,-----,-----,-----,-----,-----,-----,-----,-----
20190517_044.lcd,propionate,E7,E7,-----,-----,,-----,-----,-----,-----,-----,-----,-----,-----
20190517_045.lcd,propionate,A8,A8,-----,-----,,-----,-----,-----,-----,-----,-----,-----,-----
20190517_046.lcd,propionate,B8,B8,18.154,1291,1.185,18,18.475,87,-----,0.04694,31848.287,0.421,0.26
20190517_047.lcd,propionate,C8,C8,-----,-----,,-----,-----,-----,-----,-----,-----,-----,-----
20190517_048.lcd,propionate,D8,D8,-----,-----,,-----,-----,-----,-----,-----,-----,-----,-----
20190517_049.lcd,propionate,E8,E8,-----,-----,,-----,-----,-----,-----,-----,-----,-----,-----
20190517_050.lcd,propionate,A9,A9,-----,-----,,-----,-----,-----,-----,-----,-----,-----,-----
20190517_051.lcd,propionate,B9,B9,-----,-----,,-----,-----,-----,-----,-----,-----,-----,-----
20190517_052.lcd,propionate,C9,C9,18.176,25555,1.19,17.517,18.783,944,-----,0.92895,11224.829,1.013,0.398
20190517_053.lcd,propionate,D9,D9,-----,-----,,-----,-----,-----,-----,-----,-----,-----,-----
20190517_054.lcd,propionate,E9,E9,-----,-----,,-----,-----,-----,-----,-----,-----,-----,-----
20190517_055.lcd,propionate,A10,A10,-----,-----,,-----,-----,-----,-----,-----,-----,-----,-----
20190517_056.lcd,propionate,B10,B10,-----,-----,,-----,-----,-----,-----,-----,-----,-----,-----
20190517_057.lcd,propionate,C10,C10,18.166,19671,1.192,17.683,18.667,806,-----,0.71507,12733.759,0.829,0.378
20190517_058.lcd,propionate,D10,D10,-----,-----,,-----,-----,-----,-----,-----,-----,-----,-----
20190517_059.lcd,propionate,E10,E10,18.149,1932,1.186,17.967,18.492,124,-----,0.07022,22656.923,0.46,0.275
20190517_060.lcd,propionate,A11,A11,-----,-----,,-----,-----,-----,-----,-----,-----,-----,-----
20190517_061.lcd,propionate,B11,B11,18.16,42962,1.185,17.65,18.825,1636,-----,1.56174,10867.483,0.893,0.405
20190517_062.lcd,propionate,C11,C11,-----,-----,,-----,-----,-----,-----,-----,-----,-----,-----
20190517_063.lcd,propionate,D11,D11,-----,-----,,-----,-----,-----,-----,-----,-----,-----,-----
20190517_064.lcd,propionate,E11,E11,-----,-----,,-----,-----,-----,-----,-----,-----,-----,-----
20190517_065.lcd,propionate,A12,A12,18.159,9248,1.185,17.825,18.708,385,-----,0.33618,12449.669,0,0.381
20190517_066.lcd,propionate,B12,B12,18.165,8344,1.188,17.858,18.608,402,-----,0.30332,16083.841,0.639,0.341
20190517_067.lcd,propionate,C12,C12,-----,-----,,-----,-----,-----,-----,-----,-----,-----,-----
20190517_068.lcd,propionate,D12,D12,-----,-----,,-----,-----,-----,-----,-----,-----,-----,-----
20190517_069.lcd,propionate,E12,E12,-----,-----,,-----,-----,-----,-----,-----,-----,-----,-----
20190517_070.lcd,propionate,BLANK,Water,-----,-----,,-----,-----,-----,-----,-----,-----,-----,-----
20190517_071.lcd,propionate,STD-0111,40 mM Mix,18.122,1557939,1.185,16.892,19.258,41095,-----,56.63361,8269.436,0,0.46
20190517_072.lcd,propionate,STD-0112,20 mM Mix,18.154,649159,1.185,16.917,19.267,19248,-----,23.59798,9097.248,1.619,0.439
20190517_073.lcd,propionate,STD-0113,10 mM Mix,18.168,310705,1.185,17.008,19.325,9375,-----,11.29462,9137.806,1.558,0.439
20190517_074.lcd,propionate,STD-0114,5 mM Mix,18.182,163107,1.185,17.092,19.342,4818,-----,5.92921,8982.532,0,0.443
20190517_075.lcd,propionate,STD-0115,2.5 mM Mix,18.18,79205,1.185,17.25,19.067,2486,-----,2.87923,9191.715,0,0.438
20190517_076.lcd,propionate,STD-0116,1 mM Mix,18.189,30341,1.185,17.375,18.917,981,-----,1.10294,9266.214,0,0.436
20190517_077.lcd,propionate,STD-0117,0.5 mM Mix,18.201,12287,1.185,17.717,18.825,454,-----,0.44664,10681.504,0.993,0.411
20190517_078.lcd,propionate,STD-0118,0.25 mM Mix,18.195,5225,1.185,17.783,18.692,212,-----,0.18993,12693.293,0.779,0.394
20190517_079.lcd,propionate,STD-0119,0.1 mM Mix,18.197,1708,1.185,17.867,18.575,80,-----,0.06207,15464.03,0.629,0.345
20190517_000.lcd,isobutyrate,BLANK,No injection,-----,-----,,-----,-----,-----,-----,-----,-----,-----,-----
20190517_001.lcd,isobutyrate,STD-0111,40 mM Mix,20.462,2246446,1.336,19.208,21.442,56901,-----,52.63336,8182.159,0,0.524
20190517_002.lcd,isobutyrate,STD-0112,20 mM Mix,20.505,1035705,1.337,19.25,21.492,27408,-----,24.26617,8591.808,0,0.512
20190517_003.lcd,isobutyrate,STD-0113,10 mM Mix,20.538,508520,1.337,19.35,21.542,13402,-----,11.91443,8468.851,0,0.517
20190517_004.lcd,isobutyrate,STD-0114,5 mM Mix,20.537,260061,1.337,19.367,21.542,6823,-----,6.09313,8378.681,0,0.518
20190517_005.lcd,isobutyrate,STD-0115,2.5 mM Mix,20.542,121667,1.337,19.558,21.717,3423,-----,2.85061,8866.151,1.372,0.507
20190517_006.lcd,isobutyrate,STD-0116,1 mM Mix,20.545,43229,1.337,19.808,21.433,1322,-----,1.01285,9339.661,1.149,0.493
20190517_007.lcd,isobutyrate,STD-0117,0.5 mM Mix,20.539,20474,1.337,19.958,21.4,643,-----,0.4797,9507.843,1.092,0.488
20190517_008.lcd,isobutyrate,STD-0118,0.25 mM Mix,20.561,9684,1.338,20.042,21.275,318,-----,0.22689,10448.018,1.027,0.473
20190517_009.lcd,isobutyrate,STD-0119,0.1 mM Mix,20.558,3572,1.337,20.142,21.225,124,-----,0.08369,11527.842,0.935,0.46
20190517_010.lcd,isobutyrate,BLANK,Water,-----,-----,,-----,-----,-----,-----,-----,-----,-----,-----
20190517_011.lcd,isobutyrate,A1,A1,21.096,817219,1.384,19.633,23.333,21764,-----,19.14713,9757.305,1.609,0.493
20190517_012.lcd,isobutyrate,B1,B1,21.111,98588,1.381,20.275,21.858,3049,-----,2.30988,10511.054,1.224,0.476
20190517_013.lcd,isobutyrate,C1,C1,21.133,10844,1.393,20.708,21.658,418,-----,0.25406,14099.735,0.82,0.415
20190517_014.lcd,isobutyrate,E1,E1,21.111,6687,1.395,20.708,21.658,264,-----,0.15667,14556.395,0.811,0.407
20190517_015.lcd,isobutyrate,F1,F1,21.119,386173,1.377,20.067,22.15,11309,-----,9.04787,10080.475,1.363,0.486
20190517_016.lcd,isobutyrate,A2,A2,21.116,246145,1.381,20.242,22.233,7240,-----,5.76708,10037.644,1.335,0.487
20190517_017.lcd,isobutyrate,B2,B2,21.117,66989,1.376,20.267,22.025,2001,-----,1.56954,10190.429,1.3,0.487
20190517_018.lcd,isobutyrate,C2,C2,21.117,2290,1.392,20.808,21.567,103,-----,0.05364,19922.528,0.681,0.373
20190517_019.lcd,isobutyrate,D2,D2,21.128,976208,1.378,19.725,22.225,26242,-----,22.87217,9382.178,1.626,0.503
20190517_020.lcd,isobutyrate,E2,E2,21.111,10256,1.394,20.625,21.783,374,-----,0.24029,12905.359,0.91,0.434
20190517_021.lcd,isobutyrate,A3,A3,21.116,2300132,1.379,19.642,22.283,64184,-----,53.8912,9630.167,1.487,0.497
20190517_022.lcd,isobutyrate,B3,B3,21.129,77014,1.379,20.308,22.15,2282,-----,1.80442,9915.181,1.302,0.49
20190517_023.lcd,isobutyrate,C3,C3,21.118,4256,1.393,20.792,21.667,176,-----,0.09972,16619.673,0.749,0.394
20190517_024.lcd,isobutyrate,D3,D3,21.1,1762860,1.377,19.442,22.15,45914,-----,41.30313,9097.933,0,0.511
20190517_025.lcd,isobutyrate,E3,E3,21.095,6443,1.395,20.742,21.65,257,-----,0.15095,14558.412,0.773,0.409
20190517_026.lcd,isobutyrate,A4,A4,21.105,402941,1.381,20.092,22.167,11555,-----,9.44074,9756.133,1.404,0.494
20190517_027.lcd,isobutyrate,B4,B4,21.112,82884,1.379,20.517,21.975,2653,-----,1.94194,10827.28,1.106,0.472
20190517_028.lcd,isobutyrate,D4,D4,21.107,683273,1.376,19.8,22.133,18206,-----,16.00881,9243.789,0,0.507
20190517_029.lcd,isobutyrate,E4,E4,21.098,4834,1.394,20.783,21.583,206,-----,0.11325,16537.061,0.715,0.385
20190517_030.lcd,isobutyrate,F4,F4,21.115,373555,1.377,20.092,22.167,10688,-----,8.75225,9739.882,1.411,0.494
20190517_031.lcd,isobutyrate,A5,A5,21.124,92447,1.382,20.292,22.117,2728,-----,2.16599,9916.67,1.319,0.49
20190517_032.lcd,isobutyrate,B5,B5,21.113,104319,1.376,20.117,22.042,3067,-----,2.44414,9981.364,1.346,0.489
20190517_033.lcd,isobutyrate,D5,D5,21.104,24857,1.393,20.658,21.825,890,-----,0.5824,12725.351,0.913,0.438
20190517_034.lcd,isobutyrate,E5,E5,21.102,10683,1.395,20.625,21.683,399,-----,0.2503,13608.8,0.882,0.424
20190517_035.lcd,isobutyrate,A6,A6,21.127,90051,1.393,20.425,21.6,2850,-----,2.10986,10129.342,0,0.486
20190517_036.lcd,isobutyrate,B6,B6,-----,-----,,-----,-----,-----,-----,-----,-----,-----,-----
20190517_037.lcd,isobutyrate,C6,C6,-----,-----,,-----,-----,-----,-----,-----,-----,-----,-----
20190517_038.lcd,isobutyrate,D6,D6,-----,-----,,-----,-----,-----,-----,-----,-----,-----,-----
20190517_039.lcd,isobutyrate,E6,E6,21.112,2068,1.395,20.8,21.508,96,-----,0.04845,19008.718,0.642,0.36
20190517_040.lcd,isobutyrate,A7,A7,21.104,180433,1.382,20.042,22.192,5170,-----,4.22749,9798.647,1.411,0.494
20190517_041.lcd,isobutyrate,B7,B7,21.118,81209,1.378,20.15,22.058,2403,-----,1.9027,10061.319,1.325,0.487
20190517_042.lcd,isobutyrate,C7,C7,21.129,27940,1.397,20.658,21.883,977,-----,0.65463,12158.077,0.946,0.449
20190517_043.lcd,isobutyrate,D7,D7,21.112,16014,1.395,20.642,21.775,593,-----,0.37519,13367.864,0.881,0.427
20190517_044.lcd,isobutyrate,E7,E7,-----,-----,,-----,-----,-----,-----,-----,-----,-----,-----
20190517_045.lcd,isobutyrate,A8,A8,21.131,97027,1.385,20.2,22.125,2775,-----,2.2733,9702.193,1.411,0.496
20190517_046.lcd,isobutyrate,B8,B8,21.117,98616,1.379,20.167,22.117,2849,-----,2.31055,9894.978,1.391,0.493
20190517_047.lcd,isobutyrate,C8,C8,21.112,24360,1.39,20.675,21.842,894,-----,0.57074,13478.315,0.878,0.43
20190517_048.lcd,isobutyrate,D8,D8,21.131,7202,1.396,20.725,21.683,288,-----,0.16875,15428.063,0.772,0.404
20190517_049.lcd,isobutyrate,E8,E8,21.12,19379,1.396,20.575,21.75,676,-----,0.45404,12015.304,0.956,0.447
20190517_050.lcd,isobutyrate,A9,A9,-----,-----,,-----,-----,-----,-----,-----,-----,-----,-----
20190517_051.lcd,isobutyrate,B9,B9,-----,-----,,-----,-----,-----,-----,-----,-----,-----,-----
20190517_052.lcd,isobutyrate,C9,C9,-----,-----,,-----,-----,-----,-----,-----,-----,-----,-----
20190517_053.lcd,isobutyrate,D9,D9,-----,-----,,-----,-----,-----,-----,-----,-----,-----,-----
20190517_054.lcd,isobutyrate,E9,E9,21.131,20348,1.397,20.533,21.733,734,-----,0.47675,13122.398,0.907,0.433
20190517_055.lcd,isobutyrate,A10,A10,21.135,82349,1.38,20.192,22.267,2375,-----,1.9294,9753.834,1.389,0.494
20190517_056.lcd,isobutyrate,B10,B10,-----,-----,,-----,-----,-----,-----,-----,-----,-----,-----
20190517_057.lcd,isobutyrate,C10,C10,21.133,262551,1.386,19.958,22.433,7459,-----,6.15146,9733.56,1.431,0.495
20190517_058.lcd,isobutyrate,D10,D10,-----,-----,,-----,-----,-----,-----,-----,-----,-----,-----
20190517_059.lcd,isobutyrate,E10,E10,-----,-----,,-----,-----,-----,-----,-----,-----,-----,-----
20190517_060.lcd,isobutyrate,A11,A11,-----,-----,,-----,-----,-----,-----,-----,-----,-----,-----
20190517_061.lcd,isobutyrate,B11,B11,21.13,657808,1.379,19.742,22.083,18492,-----,15.41219,9491.153,1.443,0.502
20190517_062.lcd,isobutyrate,C11,C11,21.12,8117,1.395,20.658,21.708,305,-----,0.19018,14383.65,0.858,0.422
20190517_063.lcd,isobutyrate,D11,D11,21.135,3414,1.397,20.758,21.533,154,-----,0.08,18767.416,0.675,0.363
20190517_064.lcd,isobutyrate,E11,E11,21.129,4951,1.388,20.783,21.65,208,-----,0.11599,17108.57,0.741,0.389
20190517_065.lcd,isobutyrate,A12,A12,21.125,119814,1.379,20.008,22.1,3460,-----,2.8072,9788.547,1.391,0.493
20190517_066.lcd,isobutyrate,B12,B12,21.126,176828,1.382,20.042,22.208,5040,-----,4.143,9727.512,1.422,0.496
20190517_067.lcd,isobutyrate,C12,C12,21.12,33342,1.392,20.617,21.892,1158,-----,0.78118,11953.847,0.953,0.45
20190517_068.lcd,isobutyrate,D12,D12,-----,-----,,-----,-----,-----,-----,-----,-----,-----,-----
20190517_069.lcd,isobutyrate,E12,E12,21.132,12476,1.395,20.708,21.708,472,-----,0.2923,13906.303,0.837,0.425
20190517_070.lcd,isobutyrate,BLANK,Water,-----,-----,,-----,-----,-----,-----,-----,-----,-----,-----
20190517_071.lcd,isobutyrate,STD-0111,40 mM Mix,20.442,2299948,1.337,19.258,21.558,53731,-----,53.88689,7408.323,0,0.55
20190517_072.lcd,isobutyrate,STD-0112,20 mM Mix,20.482,1031312,1.337,19.267,21.55,25978,-----,24.16323,8024.192,0,0.529
20190517_073.lcd,isobutyrate,STD-0113,10 mM Mix,20.503,512074,1.337,19.325,21.608,12860,-----,11.9977,7978.001,0,0.531
20190517_074.lcd,isobutyrate,STD-0114,5 mM Mix,20.52,271968,1.337,19.45,21.625,6627,-----,6.37211,7740.894,0,0.54
20190517_075.lcd,isobutyrate,STD-0115,2.5 mM Mix,20.52,130384,1.337,19.533,21.575,3364,-----,3.05484,8029.918,0,0.53
20190517_076.lcd,isobutyrate,STD-0116,1 mM Mix,20.526,48422,1.337,19.842,21.517,1316,-----,1.1345,8201.68,0,0.525
20190517_077.lcd,isobutyrate,STD-0117,0.5 mM Mix,20.55,19992,1.338,19.967,21.475,610,-----,0.4684,8994.77,1.139,0.503
20190517_078.lcd,isobutyrate,STD-0118,0.25 mM Mix,20.55,8670,1.339,20.083,21.175,290,-----,0.20314,10548.992,0.958,0.474
20190517_079.lcd,isobutyrate,STD-0119,0.1 mM Mix,20.528,3470,1.336,20.075,21.075,120,-----,0.08131,10254.464,0.906,0.459
20190517_000.lcd,butyrate,BLANK,No injection,-----,-----,,-----,-----,-----,-----,-----,-----,-----,-----
20190517_001.lcd,butyrate,STD-0111,40 mM Mix,22.458,1741071,1.467,21.442,24.208,39273,-----,52.85715,8229.334,0,0.573
20190517_002.lcd,butyrate,STD-0112,20 mM Mix,22.506,756275,1.467,21.492,24.233,18524,-----,22.95974,8803.634,0,0.555
20190517_003.lcd,butyrate,STD-0113,10 mM Mix,22.547,373343,1.468,21.542,24.217,9034,-----,11.33431,8666.207,0,0.56
20190517_004.lcd,butyrate,STD-0114,5 mM Mix,22.544,193124,1.468,21.542,24.317,4640,-----,5.86305,8653.452,0,0.562
20190517_005.lcd,butyrate,STD-0115,2.5 mM Mix,22.545,89885,1.468,21.717,23.683,2349,-----,2.72883,9116.939,0,0.551
20190517_006.lcd,butyrate,STD-0116,1 mM Mix,22.552,31814,1.468,21.942,23.567,900,-----,0.96583,9860.124,1.254,0.534
20190517_007.lcd,butyrate,STD-0117,0.5 mM Mix,22.554,15117,1.468,22.017,23.408,439,-----,0.45893,10047.298,1.219,0.525
20190517_008.lcd,butyrate,STD-0118,0.25 mM Mix,22.56,6674,1.468,22.067,23.192,211,-----,0.20261,10397.877,0.996,0.511
20190517_009.lcd,butyrate,STD-0119,0.1 mM Mix,22.591,1998,1.469,22.133,22.958,74,-----,0.06065,17683.227,0.752,0.458
20190517_010.lcd,butyrate,BLANK,Water,-----,-----,,-----,-----,-----,-----,-----,-----,-----,-----
20190517_011.lcd,butyrate,A1,A1,-----,-----,,-----,-----,-----,-----,-----,-----,-----,-----
20190517_012.lcd,butyrate,B1,B1,22.563,14284,1.476,22.075,23.35,449,-----,0.43364,10937.658,1.008,0.509
20190517_013.lcd,butyrate,C1,C1,-----,-----,,-----,-----,-----,-----,-----,-----,-----,-----
20190517_014.lcd,butyrate,E1,E1,-----,-----,,-----,-----,-----,-----,-----,-----,-----,-----
20190517_015.lcd,butyrate,F1,F1,22.57,11359,1.472,22.158,23.333,361,-----,0.34486,12139.932,1.013,0.502
20190517_016.lcd,butyrate,A2,A2,22.669,4056,1.482,22.233,23.325,105,-----,0.12312,7651.868,0,0.673
20190517_017.lcd,butyrate,B2,B2,22.566,8701,1.47,22.117,23.342,262,-----,0.26415,9921.425,1.055,0.533
20190517_018.lcd,butyrate,C2,C2,-----,-----,,-----,-----,-----,-----,-----,-----,-----,-----
20190517_019.lcd,butyrate,D2,D2,22.509,46019,1.468,22.225,23.633,1221,-----,1.3971,2987.843,0,0
20190517_020.lcd,butyrate,E2,E2,-----,-----,,-----,-----,-----,-----,-----,-----,-----,-----
20190517_021.lcd,butyrate,A3,A3,-----,-----,,-----,-----,-----,-----,-----,-----,-----,-----
20190517_022.lcd,butyrate,B3,B3,-----,-----,,-----,-----,-----,-----,-----,-----,-----,-----
20190517_023.lcd,butyrate,C3,C3,-----,-----,,-----,-----,-----,-----,-----,-----,-----,-----
20190517_024.lcd,butyrate,D3,D3,22.494,138592,1.468,22.15,23.758,3417,-----,4.20751,4308.515,0,0
20190517_025.lcd,butyrate,E3,E3,-----,-----,,-----,-----,-----,-----,-----,-----,-----,-----
20190517_026.lcd,butyrate,A4,A4,-----,-----,,-----,-----,-----,-----,-----,-----,-----,-----
20190517_027.lcd,butyrate,B4,B4,22.551,19006,1.473,22.058,23.35,571,-----,0.57699,10371.987,1.076,0.527
20190517_028.lcd,butyrate,D4,D4,22.515,65627,1.468,22.133,23.692,1657,-----,1.99238,5797.12,0,0
20190517_029.lcd,butyrate,E4,E4,-----,-----,,-----,-----,-----,-----,-----,-----,-----,-----
20190517_030.lcd,butyrate,F4,F4,22.588,11333,1.473,22.167,23.325,361,-----,0.34407,11341.976,0.996,0.506
20190517_031.lcd,butyrate,A5,A5,-----,-----,,-----,-----,-----,-----,-----,-----,-----,-----
20190517_032.lcd,butyrate,B5,B5,22.558,17727,1.471,22.058,23.392,527,-----,0.53818,10157.629,1.109,0.527
20190517_033.lcd,butyrate,D5,D5,-----,-----,,-----,-----,-----,-----,-----,-----,-----,-----
20190517_034.lcd,butyrate,E5,E5,-----,-----,,-----,-----,-----,-----,-----,-----,-----,-----
20190517_035.lcd,butyrate,A6,A6,-----,-----,,-----,-----,-----,-----,-----,-----,-----,-----
20190517_036.lcd,butyrate,B6,B6,22.576,15368,1.476,22.083,23.392,468,-----,0.46655,10662.488,1.059,0.521
20190517_037.lcd,butyrate,C6,C6,-----,-----,,-----,-----,-----,-----,-----,-----,-----,-----
20190517_038.lcd,butyrate,D6,D6,-----,-----,,-----,-----,-----,-----,-----,-----,-----,-----
20190517_039.lcd,butyrate,E6,E6,-----,-----,,-----,-----,-----,-----,-----,-----,-----,-----
20190517_040.lcd,butyrate,A7,A7,22.64,5391,1.483,22.242,23.033,170,-----,0.16366,9346.201,0,0.583
20190517_041.lcd,butyrate,B7,B7,22.559,14962,1.472,22.058,23.425,448,-----,0.45424,10307.769,1.1,0.522
20190517_042.lcd,butyrate,C7,C7,-----,-----,,-----,-----,-----,-----,-----,-----,-----,-----
20190517_043.lcd,butyrate,D7,D7,-----,-----,,-----,-----,-----,-----,-----,-----,-----,-----
20190517_044.lcd,butyrate,E7,E7,-----,-----,,-----,-----,-----,-----,-----,-----,-----,-----
20190517_045.lcd,butyrate,A8,A8,22.656,4357,1.485,22.258,23.333,137,-----,0.13229,11978.862,0.96,0.522
20190517_046.lcd,butyrate,B8,B8,22.621,5888,1.477,22.2,23.45,170,-----,0.17875,9030.189,1.058,0.571
20190517_047.lcd,butyrate,C8,C8,-----,-----,,-----,-----,-----,-----,-----,-----,-----,-----
20190517_048.lcd,butyrate,D8,D8,-----,-----,,-----,-----,-----,-----,-----,-----,-----,-----
20190517_049.lcd,butyrate,E8,E8,22.523,1534,1.489,22.025,23,45,-----,0.04657,11200.904,0.89,0.585
20190517_050.lcd,butyrate,A9,A9,-----,-----,,-----,-----,-----,-----,-----,-----,-----,-----
20190517_051.lcd,butyrate,B9,B9,-----,-----,,-----,-----,-----,-----,-----,-----,-----,-----
20190517_052.lcd,butyrate,C9,C9,-----,-----,,-----,-----,-----,-----,-----,-----,-----,-----
20190517_053.lcd,butyrate,D9,D9,-----,-----,,-----,-----,-----,-----,-----,-----,-----,-----
20190517_054.lcd,butyrate,E9,E9,22.465,12911,1.485,21.817,23.333,298,-----,0.39195,5459.361,1.346,0.691
20190517_055.lcd,butyrate,A10,A10,-----,-----,,-----,-----,-----,-----,-----,-----,-----,-----
20190517_056.lcd,butyrate,B10,B10,-----,-----,,-----,-----,-----,-----,-----,-----,-----,-----
20190517_057.lcd,butyrate,C10,C10,-----,-----,,-----,-----,-----,-----,-----,-----,-----,-----
20190517_058.lcd,butyrate,D10,D10,-----,-----,,-----,-----,-----,-----,-----,-----,-----,-----
20190517_059.lcd,butyrate,E10,E10,-----,-----,,-----,-----,-----,-----,-----,-----,-----,-----
20190517_060.lcd,butyrate,A11,A11,-----,-----,,-----,-----,-----,-----,-----,-----,-----,-----
20190517_061.lcd,butyrate,B11,B11,-----,-----,,-----,-----,-----,-----,-----,-----,-----,-----
20190517_062.lcd,butyrate,C11,C11,-----,-----,,-----,-----,-----,-----,-----,-----,-----,-----
20190517_063.lcd,butyrate,D11,D11,-----,-----,,-----,-----,-----,-----,-----,-----,-----,-----
20190517_064.lcd,butyrate,E11,E11,-----,-----,,-----,-----,-----,-----,-----,-----,-----,-----
20190517_065.lcd,butyrate,A12,A12,22.556,8590,1.472,22.117,23.325,260,-----,0.26077,9869.836,1.025,0.532
20190517_066.lcd,butyrate,B12,B12,-----,-----,,-----,-----,-----,-----,-----,-----,-----,-----
20190517_067.lcd,butyrate,C12,C12,-----,-----,,-----,-----,-----,-----,-----,-----,-----,-----
20190517_068.lcd,butyrate,D12,D12,-----,-----,,-----,-----,-----,-----,-----,-----,-----,-----
20190517_069.lcd,butyrate,E12,E12,-----,-----,,-----,-----,-----,-----,-----,-----,-----,-----
20190517_070.lcd,butyrate,BLANK,Water,-----,-----,,-----,-----,-----,-----,-----,-----,-----,-----
20190517_071.lcd,butyrate,STD-0111,40 mM Mix,22.445,1735984,1.467,21.558,24.292,37016,-----,52.70271,7476.432,0,0.601
20190517_072.lcd,butyrate,STD-0112,20 mM Mix,22.489,745082,1.468,21.55,24.208,17535,-----,22.61993,8255.342,0,0.573
20190517_073.lcd,butyrate,STD-0113,10 mM Mix,22.509,368424,1.468,21.608,24.225,8655,-----,11.18499,8161.549,0,0.577
20190517_074.lcd,butyrate,STD-0114,5 mM Mix,22.523,219881,1.468,21.625,24.275,4607,-----,6.67537,7562.695,0,0.599
20190517_075.lcd,butyrate,STD-0115,2.5 mM Mix,22.518,96560,1.467,21.575,23.908,2300,-----,2.93145,8223.792,0,0.574
20190517_076.lcd,butyrate,STD-0116,1 mM Mix,22.525,34257,1.467,21.892,23.567,893,-----,1.04,8212.608,0,0.563
20190517_077.lcd,butyrate,STD-0117,0.5 mM Mix,22.533,14592,1.467,21.958,23.45,414,-----,0.443,9331.499,1.208,0.537
20190517_078.lcd,butyrate,STD-0118,0.25 mM Mix,22.53,6509,1.468,22.058,23.292,200,-----,0.1976,9918.054,1.057,0.514
20190517_079.lcd,butyrate,STD-0119,0.1 mM Mix,22.55,1864,1.468,22.133,22.942,70,-----,0.0566,14515.443,0.758,0.449
20190517_000.lcd,isovalerate,BLANK,No injection,-----,-----,,-----,-----,-----,-----,-----,-----,-----,-----
20190517_001.lcd,isovalerate,STD-0111,40 mM Mix,25.921,1797854,1.693,24.208,27.633,33947,-----,51.85823,7126.823,2.316,0.714
20190517_002.lcd,isovalerate,STD-0112,20 mM Mix,25.993,799910,1.695,24.383,27.675,16271,-----,23.07303,7601.929,1.943,0.693
20190517_003.lcd,isovalerate,STD-0113,10 mM Mix,26.051,375836,1.696,24.533,27.7,7882,-----,10.84081,7694.526,1.821,0.69
20190517_004.lcd,isovalerate,STD-0114,5 mM Mix,26.049,191290,1.696,24.425,27.517,4031,-----,5.51767,7645.723,1.812,0.688
20190517_005.lcd,isovalerate,STD-0115,2.5 mM Mix,26.055,96955,1.696,24.75,27.283,2084,-----,2.79661,7901.438,1.74,0.684
20190517_006.lcd,isovalerate,STD-0116,1 mM Mix,26.056,36578,1.696,25,27.125,814,-----,1.05507,7957.083,1.625,0.674
20190517_007.lcd,isovalerate,STD-0117,0.5 mM Mix,26.077,17008,1.698,25.442,27,396,-----,0.4906,8702.614,0,0.667
20190517_008.lcd,isovalerate,STD-0118,0.25 mM Mix,26.059,6699,1.696,25.533,26.867,173,-----,0.19324,10576.735,1.209,0.626
20190517_009.lcd,isovalerate,STD-0119,0.1 mM Mix,-----,-----,,-----,-----,-----,-----,-----,-----,-----,-----
20190517_010.lcd,isovalerate,BLANK,Water,-----,-----,,-----,-----,-----,-----,-----,-----,-----,-----
20190517_011.lcd,isovalerate,A1,A1,-----,-----,,-----,-----,-----,-----,-----,-----,-----,-----
20190517_012.lcd,isovalerate,B1,B1,-----,-----,,-----,-----,-----,-----,-----,-----,-----,-----
20190517_013.lcd,isovalerate,C1,C1,-----,-----,,-----,-----,-----,-----,-----,-----,-----,-----
20190517_014.lcd,isovalerate,E1,E1,-----,-----,,-----,-----,-----,-----,-----,-----,-----,-----
20190517_015.lcd,isovalerate,F1,F1,-----,-----,,-----,-----,-----,-----,-----,-----,-----,-----
20190517_016.lcd,isovalerate,A2,A2,-----,-----,,-----,-----,-----,-----,-----,-----,-----,-----
20190517_017.lcd,isovalerate,B2,B2,-----,-----,,-----,-----,-----,-----,-----,-----,-----,-----
20190517_018.lcd,isovalerate,C2,C2,-----,-----,,-----,-----,-----,-----,-----,-----,-----,-----
20190517_019.lcd,isovalerate,D2,D2,-----,-----,,-----,-----,-----,-----,-----,-----,-----,-----
20190517_020.lcd,isovalerate,E2,E2,-----,-----,,-----,-----,-----,-----,-----,-----,-----,-----
20190517_021.lcd,isovalerate,A3,A3,-----,-----,,-----,-----,-----,-----,-----,-----,-----,-----
20190517_022.lcd,isovalerate,B3,B3,-----,-----,,-----,-----,-----,-----,-----,-----,-----,-----
20190517_023.lcd,isovalerate,C3,C3,-----,-----,,-----,-----,-----,-----,-----,-----,-----,-----
20190517_024.lcd,isovalerate,D3,D3,-----,-----,,-----,-----,-----,-----,-----,-----,-----,-----
20190517_025.lcd,isovalerate,E3,E3,-----,-----,,-----,-----,-----,-----,-----,-----,-----,-----
20190517_026.lcd,isovalerate,A4,A4,-----,-----,,-----,-----,-----,-----,-----,-----,-----,-----
20190517_027.lcd,isovalerate,B4,B4,-----,-----,,-----,-----,-----,-----,-----,-----,-----,-----
20190517_028.lcd,isovalerate,D4,D4,-----,-----,,-----,-----,-----,-----,-----,-----,-----,-----
20190517_029.lcd,isovalerate,E4,E4,-----,-----,,-----,-----,-----,-----,-----,-----,-----,-----
20190517_030.lcd,isovalerate,F4,F4,-----,-----,,-----,-----,-----,-----,-----,-----,-----,-----
20190517_031.lcd,isovalerate,A5,A5,-----,-----,,-----,-----,-----,-----,-----,-----,-----,-----
20190517_032.lcd,isovalerate,B5,B5,-----,-----,,-----,-----,-----,-----,-----,-----,-----,-----
20190517_033.lcd,isovalerate,D5,D5,-----,-----,,-----,-----,-----,-----,-----,-----,-----,-----
20190517_034.lcd,isovalerate,E5,E5,-----,-----,,-----,-----,-----,-----,-----,-----,-----,-----
20190517_035.lcd,isovalerate,A6,A6,-----,-----,,-----,-----,-----,-----,-----,-----,-----,-----
20190517_036.lcd,isovalerate,B6,B6,-----,-----,,-----,-----,-----,-----,-----,-----,-----,-----
20190517_037.lcd,isovalerate,C6,C6,-----,-----,,-----,-----,-----,-----,-----,-----,-----,-----
20190517_038.lcd,isovalerate,D6,D6,-----,-----,,-----,-----,-----,-----,-----,-----,-----,-----
20190517_039.lcd,isovalerate,E6,E6,-----,-----,,-----,-----,-----,-----,-----,-----,-----,-----
20190517_040.lcd,isovalerate,A7,A7,-----,-----,,-----,-----,-----,-----,-----,-----,-----,-----
20190517_041.lcd,isovalerate,B7,B7,-----,-----,,-----,-----,-----,-----,-----,-----,-----,-----
20190517_042.lcd,isovalerate,C7,C7,-----,-----,,-----,-----,-----,-----,-----,-----,-----,-----
20190517_043.lcd,isovalerate,D7,D7,-----,-----,,-----,-----,-----,-----,-----,-----,-----,-----
20190517_044.lcd,isovalerate,E7,E7,-----,-----,,-----,-----,-----,-----,-----,-----,-----,-----
20190517_045.lcd,isovalerate,A8,A8,-----,-----,,-----,-----,-----,-----,-----,-----,-----,-----
20190517_046.lcd,isovalerate,B8,B8,-----,-----,,-----,-----,-----,-----,-----,-----,-----,-----
20190517_047.lcd,isovalerate,C8,C8,-----,-----,,-----,-----,-----,-----,-----,-----,-----,-----
20190517_048.lcd,isovalerate,D8,D8,-----,-----,,-----,-----,-----,-----,-----,-----,-----,-----
20190517_049.lcd,isovalerate,E8,E8,-----,-----,,-----,-----,-----,-----,-----,-----,-----,-----
20190517_050.lcd,isovalerate,A9,A9,-----,-----,,-----,-----,-----,-----,-----,-----,-----,-----
20190517_051.lcd,isovalerate,B9,B9,-----,-----,,-----,-----,-----,-----,-----,-----,-----,-----
20190517_052.lcd,isovalerate,C9,C9,-----,-----,,-----,-----,-----,-----,-----,-----,-----,-----
20190517_053.lcd,isovalerate,D9,D9,-----,-----,,-----,-----,-----,-----,-----,-----,-----,-----
20190517_054.lcd,isovalerate,E9,E9,-----,-----,,-----,-----,-----,-----,-----,-----,-----,-----
20190517_055.lcd,isovalerate,A10,A10,-----,-----,,-----,-----,-----,-----,-----,-----,-----,-----
20190517_056.lcd,isovalerate,B10,B10,-----,-----,,-----,-----,-----,-----,-----,-----,-----,-----
20190517_057.lcd,isovalerate,C10,C10,-----,-----,,-----,-----,-----,-----,-----,-----,-----,-----
20190517_058.lcd,isovalerate,D10,D10,-----,-----,,-----,-----,-----,-----,-----,-----,-----,-----
20190517_059.lcd,isovalerate,E10,E10,-----,-----,,-----,-----,-----,-----,-----,-----,-----,-----
20190517_060.lcd,isovalerate,A11,A11,-----,-----,,-----,-----,-----,-----,-----,-----,-----,-----
20190517_061.lcd,isovalerate,B11,B11,-----,-----,,-----,-----,-----,-----,-----,-----,-----,-----
20190517_062.lcd,isovalerate,C11,C11,-----,-----,,-----,-----,-----,-----,-----,-----,-----,-----
20190517_063.lcd,isovalerate,D11,D11,-----,-----,,-----,-----,-----,-----,-----,-----,-----,-----
20190517_064.lcd,isovalerate,E11,E11,-----,-----,,-----,-----,-----,-----,-----,-----,-----,-----
20190517_065.lcd,isovalerate,A12,A12,-----,-----,,-----,-----,-----,-----,-----,-----,-----,-----
20190517_066.lcd,isovalerate,B12,B12,-----,-----,,-----,-----,-----,-----,-----,-----,-----,-----
20190517_067.lcd,isovalerate,C12,C12,-----,-----,,-----,-----,-----,-----,-----,-----,-----,-----
20190517_068.lcd,isovalerate,D12,D12,-----,-----,,-----,-----,-----,-----,-----,-----,-----,-----
20190517_069.lcd,isovalerate,E12,E12,-----,-----,,-----,-----,-----,-----,-----,-----,-----,-----
20190517_070.lcd,isovalerate,BLANK,Water,-----,-----,,-----,-----,-----,-----,-----,-----,-----,-----
20190517_071.lcd,isovalerate,STD-0111,40 mM Mix,25.912,1777029,1.694,24.292,27.683,31878,-----,51.25754,6562.558,2.539,0.744
20190517_072.lcd,isovalerate,STD-0112,20 mM Mix,25.976,795517,1.695,24.35,27.733,15443,-----,22.94629,7118.757,2.122,0.716
20190517_073.lcd,isovalerate,STD-0113,10 mM Mix,26.008,373282,1.696,24.508,27.733,7553,-----,10.76715,7287.01,1.931,0.708
20190517_074.lcd,isovalerate,STD-0114,5 mM Mix,26.027,248175,1.696,24.617,27.65,4173,-----,7.15847,6397.632,0,0.755
20190517_075.lcd,isovalerate,STD-0115,2.5 mM Mix,26.024,97731,1.696,24.717,27.492,2006,-----,2.81901,7396.924,1.881,0.704
20190517_076.lcd,isovalerate,STD-0116,1 mM Mix,26.031,35805,1.696,25.225,27.208,777,-----,1.03277,7771.761,1.687,0.691
20190517_077.lcd,isovalerate,STD-0117,0.5 mM Mix,26.031,15943,1.695,25.308,27.142,365,-----,0.45987,8432.678,1.493,0.676
20190517_078.lcd,isovalerate,STD-0118,0.25 mM Mix,26.078,6252,1.699,25.525,26.908,165,-----,0.18035,10269.013,1.206,0.609
20190517_079.lcd,isovalerate,STD-0119,0.1 mM Mix,26.067,1396,1.697,25.917,26.567,60,-----,0.04025,21951.864,0,0
20190517_000.lcd,valerate,BLANK,No injection,-----,-----,,-----,-----,-----,-----,-----,-----,-----,-----
20190517_001.lcd,valerate,STD-0111,40 mM Mix,32.237,1552995,2.106,29.825,36.092,24439,-----,52.42725,7595.794,2.634,0.862
20190517_002.lcd,valerate,STD-0112,20 mM Mix,32.346,728541,2.109,30.092,35.442,11824,-----,24.59466,7917.995,2.532,0.846
20190517_003.lcd,valerate,STD-0113,10 mM Mix,32.438,341309,2.112,30.3,34.5,5731,-----,11.5222,8085.794,2.397,0.841
20190517_004.lcd,valerate,STD-0114,5 mM Mix,32.421,167539,2.111,30.75,34.1,2927,-----,5.65592,8230.322,2.204,0.83
20190517_005.lcd,valerate,STD-0115,2.5 mM Mix,32.428,83368,2.111,31.075,33.958,1513,-----,2.8144,8648.304,2.003,0.82
20190517_006.lcd,valerate,STD-0116,1 mM Mix,32.436,28452,2.111,31.608,33.608,569,-----,0.9605,9086.9,1.643,0.781
20190517_007.lcd,valerate,STD-0117,0.5 mM Mix,32.436,13107,2.111,31.667,33.367,274,-----,0.44246,10395.655,1.524,0.76
20190517_008.lcd,valerate,STD-0118,0.25 mM Mix,32.422,6105,2.11,31.917,33.258,138,-----,0.20608,11172.556,0,0.739
20190517_009.lcd,valerate,STD-0119,0.1 mM Mix,-----,-----,,-----,-----,-----,-----,-----,-----,-----,-----
20190517_010.lcd,valerate,BLANK,Water,-----,-----,,-----,-----,-----,-----,-----,-----,-----,-----
20190517_011.lcd,valerate,A1,A1,-----,-----,,-----,-----,-----,-----,-----,-----,-----,-----
20190517_012.lcd,valerate,B1,B1,-----,-----,,-----,-----,-----,-----,-----,-----,-----,-----
20190517_013.lcd,valerate,C1,C1,-----,-----,,-----,-----,-----,-----,-----,-----,-----,-----
20190517_014.lcd,valerate,E1,E1,-----,-----,,-----,-----,-----,-----,-----,-----,-----,-----
20190517_015.lcd,valerate,F1,F1,-----,-----,,-----,-----,-----,-----,-----,-----,-----,-----
20190517_016.lcd,valerate,A2,A2,-----,-----,,-----,-----,-----,-----,-----,-----,-----,-----
20190517_017.lcd,valerate,B2,B2,-----,-----,,-----,-----,-----,-----,-----,-----,-----,-----
20190517_018.lcd,valerate,C2,C2,-----,-----,,-----,-----,-----,-----,-----,-----,-----,-----
20190517_019.lcd,valerate,D2,D2,-----,-----,,-----,-----,-----,-----,-----,-----,-----,-----
20190517_020.lcd,valerate,E2,E2,-----,-----,,-----,-----,-----,-----,-----,-----,-----,-----
20190517_021.lcd,valerate,A3,A3,-----,-----,,-----,-----,-----,-----,-----,-----,-----,-----
20190517_022.lcd,valerate,B3,B3,-----,-----,,-----,-----,-----,-----,-----,-----,-----,-----
20190517_023.lcd,valerate,C3,C3,-----,-----,,-----,-----,-----,-----,-----,-----,-----,-----
20190517_024.lcd,valerate,D3,D3,32.708,3249,2.134,31.975,32.717,139,-----,0.1097,--,0,0
20190517_025.lcd,valerate,E3,E3,-----,-----,,-----,-----,-----,-----,-----,-----,-----,-----
20190517_026.lcd,valerate,A4,A4,-----,-----,,-----,-----,-----,-----,-----,-----,-----,-----
20190517_027.lcd,valerate,B4,B4,-----,-----,,-----,-----,-----,-----,-----,-----,-----,-----
20190517_028.lcd,valerate,D4,D4,-----,-----,,-----,-----,-----,-----,-----,-----,-----,-----
20190517_029.lcd,valerate,E4,E4,-----,-----,,-----,-----,-----,-----,-----,-----,-----,-----
20190517_030.lcd,valerate,F4,F4,-----,-----,,-----,-----,-----,-----,-----,-----,-----,-----
20190517_031.lcd,valerate,A5,A5,-----,-----,,-----,-----,-----,-----,-----,-----,-----,-----
20190517_032.lcd,valerate,B5,B5,-----,-----,,-----,-----,-----,-----,-----,-----,-----,-----
20190517_033.lcd,valerate,D5,D5,-----,-----,,-----,-----,-----,-----,-----,-----,-----,-----
20190517_034.lcd,valerate,E5,E5,-----,-----,,-----,-----,-----,-----,-----,-----,-----,-----
20190517_035.lcd,valerate,A6,A6,-----,-----,,-----,-----,-----,-----,-----,-----,-----,-----
20190517_036.lcd,valerate,B6,B6,-----,-----,,-----,-----,-----,-----,-----,-----,-----,-----
20190517_037.lcd,valerate,C6,C6,-----,-----,,-----,-----,-----,-----,-----,-----,-----,-----
20190517_038.lcd,valerate,D6,D6,-----,-----,,-----,-----,-----,-----,-----,-----,-----,-----
20190517_039.lcd,valerate,E6,E6,-----,-----,,-----,-----,-----,-----,-----,-----,-----,-----
20190517_040.lcd,valerate,A7,A7,-----,-----,,-----,-----,-----,-----,-----,-----,-----,-----
20190517_041.lcd,valerate,B7,B7,-----,-----,,-----,-----,-----,-----,-----,-----,-----,-----
20190517_042.lcd,valerate,C7,C7,-----,-----,,-----,-----,-----,-----,-----,-----,-----,-----
20190517_043.lcd,valerate,D7,D7,-----,-----,,-----,-----,-----,-----,-----,-----,-----,-----
20190517_044.lcd,valerate,E7,E7,-----,-----,,-----,-----,-----,-----,-----,-----,-----,-----
20190517_045.lcd,valerate,A8,A8,-----,-----,,-----,-----,-----,-----,-----,-----,-----,-----
20190517_046.lcd,valerate,B8,B8,-----,-----,,-----,-----,-----,-----,-----,-----,-----,-----
20190517_047.lcd,valerate,C8,C8,-----,-----,,-----,-----,-----,-----,-----,-----,-----,-----
20190517_048.lcd,valerate,D8,D8,-----,-----,,-----,-----,-----,-----,-----,-----,-----,-----
20190517_049.lcd,valerate,E8,E8,-----,-----,,-----,-----,-----,-----,-----,-----,-----,-----
20190517_050.lcd,valerate,A9,A9,-----,-----,,-----,-----,-----,-----,-----,-----,-----,-----
20190517_051.lcd,valerate,B9,B9,-----,-----,,-----,-----,-----,-----,-----,-----,-----,-----
20190517_052.lcd,valerate,C9,C9,-----,-----,,-----,-----,-----,-----,-----,-----,-----,-----
20190517_053.lcd,valerate,D9,D9,-----,-----,,-----,-----,-----,-----,-----,-----,-----,-----
20190517_054.lcd,valerate,E9,E9,-----,-----,,-----,-----,-----,-----,-----,-----,-----,-----
20190517_055.lcd,valerate,A10,A10,-----,-----,,-----,-----,-----,-----,-----,-----,-----,-----
20190517_056.lcd,valerate,B10,B10,-----,-----,,-----,-----,-----,-----,-----,-----,-----,-----
20190517_057.lcd,valerate,C10,C10,-----,-----,,-----,-----,-----,-----,-----,-----,-----,-----
20190517_058.lcd,valerate,D10,D10,-----,-----,,-----,-----,-----,-----,-----,-----,-----,-----
20190517_059.lcd,valerate,E10,E10,-----,-----,,-----,-----,-----,-----,-----,-----,-----,-----
20190517_060.lcd,valerate,A11,A11,-----,-----,,-----,-----,-----,-----,-----,-----,-----,-----
20190517_061.lcd,valerate,B11,B11,-----,-----,,-----,-----,-----,-----,-----,-----,-----,-----
20190517_062.lcd,valerate,C11,C11,-----,-----,,-----,-----,-----,-----,-----,-----,-----,-----
20190517_063.lcd,valerate,D11,D11,-----,-----,,-----,-----,-----,-----,-----,-----,-----,-----
20190517_064.lcd,valerate,E11,E11,-----,-----,,-----,-----,-----,-----,-----,-----,-----,-----
20190517_065.lcd,valerate,A12,A12,-----,-----,,-----,-----,-----,-----,-----,-----,-----,-----
20190517_066.lcd,valerate,B12,B12,-----,-----,,-----,-----,-----,-----,-----,-----,-----,-----
20190517_067.lcd,valerate,C12,C12,-----,-----,,-----,-----,-----,-----,-----,-----,-----,-----
20190517_068.lcd,valerate,D12,D12,-----,-----,,-----,-----,-----,-----,-----,-----,-----,-----
20190517_069.lcd,valerate,E12,E12,-----,-----,,-----,-----,-----,-----,-----,-----,-----,-----
20190517_070.lcd,valerate,BLANK,Water,-----,-----,,-----,-----,-----,-----,-----,-----,-----,-----
20190517_071.lcd,valerate,STD-0111,40 mM Mix,32.264,1578500,2.109,29.75,36.15,23107,-----,53.28827,6889.128,3.01,0.905
20190517_072.lcd,valerate,STD-0112,20 mM Mix,32.351,735506,2.112,30.067,35.808,11261,-----,24.82982,7375.729,2.825,0.877
20190517_073.lcd,valerate,STD-0113,10 mM Mix,32.376,341450,2.112,30.467,34.908,5506,-----,11.52695,7633.65,2.554,0.864
20190517_074.lcd,valerate,STD-0114,5 mM Mix,32.383,172455,2.11,30.492,34.275,2832,-----,5.82186,7677.906,2.46,0.863
20190517_075.lcd,valerate,STD-0115,2.5 mM Mix,32.372,84363,2.11,31.042,34.017,1460,-----,2.84799,7865.157,2.211,0.844
20190517_076.lcd,valerate,STD-0116,1 mM Mix,32.397,29223,2.11,31.425,33.617,555,-----,0.98655,8656.705,1.802,0.814
20190517_077.lcd,valerate,STD-0117,0.5 mM Mix,32.413,13177,2.11,31.708,33.392,264,-----,0.44485,9395.893,0,0.798
20190517_078.lcd,valerate,STD-0118,0.25 mM Mix,-----,-----,,-----,-----,-----,-----,-----,-----,-----,-----
20190517_079.lcd,valerate,STD-0119,0.1 mM Mix,-----,-----,,-----,-----,-----,-----,-----,-----,-----,-----
